codigo de barras;categoria;nombre completo;sabor o descripcion;peso tamanio;fabrica;unidad;caja;caja2;nombre unidad;nombre caja;nombre caja2;default;cantidad
'7804920055040;ACONDICIONADORES;ACONDICIONADOR BALLERINA;MANZANILLA;750 ml;PROESA;1;12;;acondicionador;caja;;unidad;1
'7804920003232;ACONDICIONADORES;ACONDICIONADOR BALLERINA;PALTA;750 ml;PROESA;1;12;;acondicionador;caja;;unidad;1
'7774904380300;ACONDICIONADORES;ACONDICIONADOR CARISSA;ANTICAIDA;800 ml;LURI;1;12;;acondicionador;caja;;unidad;1
';AGUA;AGUA VITAL;NO RETORNABLE;2 L;COCA COLA;1;6;;botella;paquete;;paquete;1
'7771609001530;AGUA;AGUA VITAL;NO RETORNABLE;300 ml;COCA COLA;1;6;;botella;paquete;;paquete;1
'7771609001677;AGUA;AGUA VITAL;NO RETORNABLE;3 L;COCA COLA;1;6;;botella;paquete;;paquete;1
';AGUA;AGUA VITAL;NO RETORNABLE ;500 ml;COCA COLA;1;6;;botella;paquete;;paquete;1
';AGUA SABORIZADA;AQUARIUS;MANZANA NO RETORNABLE;2 L;COCA COLA;1;6;;botella;paquete;;paquete;1
';AGUA SABORIZADA;AQUARIUS;MANZANA NO RETORNABLE;300 ml;COCA COLA;1;6;;botella;paquete;;paquete;1
'7771609002612;AGUA SABORIZADA;AQUARIUS;MANZANA NO RETORNABLE ;3 L;COCA COLA;1;6;;botella;paquete;;paquete;1
';AGUA SABORIZADA;AQUARIUS;MANZANA NO RETORNABLE ;500 ml;COCA COLA;1;6;;botella;paquete;;paquete;1
'7771609000656;AGUA SABORIZADA;AQUARIUS;PERA NO RETORNABLE;2 L;COCA COLA;1;6;;botella;paquete;;paquete;1
';AGUA SABORIZADA;AQUARIUS;PERA NO RETORNABLE;300 ml;COCA COLA;1;6;;botella;paquete;;paquete;1
';AGUA SABORIZADA;AQUARIUS;PERA NO RETORNABLE;3 L;COCA COLA;1;6;;botella;paquete;;paquete;1
';AGUA SABORIZADA;AQUARIUS;PERA NO RETORNABLE;500 ml;COCA COLA;1;6;;botella;paquete;;paquete;1
'7771608000756;AGUA SABORIZADA;AGUA SPORT;LIMON NO RETORNABLE;1,5 L;CASCADA;1;6;;botella;paquete;;paquete;1
';BATERIAS;PANASONIC;PILA DESECHABLE GRANDE DE 1.5 VOLTS;A;;1;;;unidad;;;unidad;1
';BATERIAS;PANASONIC;PILA DESECHABLE MEDIANO DE 1.5 VOLTS;AA;;1;;;unidad;;;unidad;1
'8887549091285;BATERIAS;PANASONIC;PILA DESECHABLE PEQUEÑO DE 1.5 VOLTS;AAA;;1;40;;unidad;paquete;;unidad;1
'783094001015;BATERIAS;RAYOVAC;PILA DESECHABLE GRANDE DE 1.5 VOLTS;A;;1;24;;unidad;paquete;;unidad;1
'7896009760099;BATERIAS;RAYOVAC;PILA DESECHABLE MEDIANO DE 1.5 VOLTS;AA;;1;48;;unidad;paquete;;unidad;1
'7896009761928;BATERIAS;RAYOVAC;PILA DESECHABLE PEQUEÑO DE 1.5 VOLTS;AAA;;1;40;;unidad;paquete;;unidad;1
'7772905003730;BEBIDAS LACTEAS;JUGUITO PIL;DURAZNO;150 ml;PIL;1;32;;unidad;caja;;caja;1
'7772905003747;BEBIDAS LACTEAS;JUGUITO PIL;MANZANA;150 ml;PIL;1;32;;unidad;caja;;caja;1
';BEBIDAS LACTEAS;PILFRUT;BLUEBERRY;190 ml;PIL;1;90;;sachet;caja;;sachet;1
'7771059756002;BEBIDAS LACTEAS;PILFRUT;DURAZNO;190 ml;PIL;1;90;;sachet;caja;;sachet;1
'7771259756033;BEBIDAS LACTEAS;PILFRUT;FRUTILLA;190 ml;PIL;1;90;;sachet;caja;;sachet;1
'7771259756019;BEBIDAS LACTEAS;PILFRUT;MANZANA;190 ml;PIL;1;90;;sachet;caja;;sachet;1
';BEBIDAS LACTEAS;PILFRUT;MARACUYA;190 ml;PIL;1;90;;sachet;caja;;sachet;1
';BEBIDAS LACTEAS;PILFRUT;NARANJA;190 ml;PIL;1;90;;sachet;caja;;sachet;1
'7771259756040;BEBIDAS LACTEAS;PILFRUT;PINIA;190 ml;PIL;1;90;;sachet;caja;;sachet;1
'7771259757252;BEBIDAS LACTEAS;PILFRUT;FAMILIAR BLUEBERRY;800 ml;PIL;1;20;;sachet;caja;;sachet;1
'7772905001774;BEBIDAS LACTEAS;PILFRUT;FAMILIAR DURAZNO;800 ml;PIL;1;20;;sachet;caja;;sachet;1
'7772905001750;BEBIDAS LACTEAS;PILFRUT;FAMILIAR MANZANA;800 ml;PIL;1;20;;sachet;caja;;sachet;1
';CAFES;CAFE CHIRIGUANO;DESTILADO BOLSA;50 g;;1;20;;unidad;caja;;unidad;1
'7771895000016;CAFES;CAFE COPACABANA;INSTANTANEO FRASCO;200 g;COPACABANA;1;12;;unidad;caja;;unidad;1
'7771805000153;CAFES;CAFE COPACABANA;INSTANTANEO BOLSA;200 g;COPACABANA;1;24;;unidad;caja;;unidad;1
'7771805000146;CAFES;CAFE COPACABANA;INSTANTANEO BOLSA;50 g;COPACABANA;1;24;;unidad;caja;;unidad;1
'7771805000108;CAFES;CAFE COPACABANA;INSTANTANEO STICK;2 g;COPACABANA;1;48;24;stick;paquete;caja;paquete;1
'7771805000054;CAFES;CAFE COPACABANA;TRADICIONAL DESTILADO BOLSA;1000 g;COPACABANA;1;;;unidad;;;unidad;1
'7771805000092;CAFES;CAFE COPACABANA;TRADICIONAL DESTILADO BOLSA;50 g;COPACABANA;1;;;unidad;;;unidad;1
'7771805000078;CAFES;CAFE COPACABANA;TRADICIONAL DESTILADO BOLSA;250 g;COPACABANA;1;;;unidad;;;unidad;1
'7896019206785;CAFES;CAFE IGUACU;CLASICO INSTANTANEO FRASCO;200 g;MINIOL;1;12;;unidad;caja;;unidad;1
'7896045113224;CAFES;CAFE IGUACU;CLASICO INSTANTANEO BOLSA;40 g;MINIOL;1;24;;unidad;caja;;unidad;1
'7772905005369;CAFES;CAFE MONACO;PREMIUN IOFILIZADO INSTANTANEO FRASCO;200 g;PIL;1;12;;unidad;caja;;unidad;1
'891000300503;CAFES;NESCAFE;EXTRA FORTE INSTANTANEO FRASCO;100 g;NESTLE;1;24;;unidad;caja;;unidad;1
'891000029329;CAFES;NESCAFE;FORTE INSTANTANEO FRASCO;100 g;NESTLE;1;24;;unidad;caja;;unidad;1
'891000718025;CAFES;NESCAFE;INTENCIDAD MAXIMA INSTANTANEO FRASCO;160 g;NESTLE;1;12;;unidad;caja;;unidad;1
'891000300602;CAFES;NESCAFE;ORIGINAL INSTANTANEO FRASCO;200 g;NESTLE;1;12;;unidad;caja;;unidad;1
'7702024069546;CAFES;NESCAFE;TRADICIONAL INSTANTANEO STICK;1.5 g;NESTLE;1;48;24;stick;paquete;caja;paquete;1
'88169004978;CAFES;NESCAFE;TRADICIONAL INSTANTANEO TIRA;8 g;NESTLE;1;8;36;unidad;tira;caja;tira;1
'891000242650;CAFES;NESCAFE;TRADICIONAL INSTANTANEO BOLSA;55 g;NESTLE;1;24;;;;;;1
'7772602002777;CEREALES GRANOLAS;AVENA INSTANTANIA PRINCESA;HOJUELAS DE AVENA ESTABILIZADA ;300 g;;1;;;;;;;1
'7622201149185;CHICLES;BELDENT;FRUTILLA;10 g;SODOMIN;1;20;;;;;;1
'7622201149208;CHICLES;BELDENT;MENTA FUERTE;10 g;SODOMIN;1;20;;;;;;1
'7222201149079;CHICLES;BELDENT;MENTOL;10 g;SODOMIN;1;20;;;;;;1
'7622201387358;CHICLES;BELDENT;SANDIA;10 g;SODOMIN;1;20;;;;;;1
'7773004010346;CHICLES;CHICLE BOLOOPSS;GOMA DE MASCAR DE DIFERENTES SABORES;408 g;LIDER;1;120;;;;;;1
'7622210428431;CHICLES;CHICLETS;SABOR YERBABUENA TUTIFRUTI CANELA;280 g;SODOMIN;1;100;;;;;;1
'7622210427267;CHICLES;CHICLETS;MENTA AMARILLO;280 g;SODOMIN;1;100;;;;;;1
'7802225130714;CHICLES;GROSSO;BANANA;700 g;SODOMIN;1;100;;;;;;1
'7802225130226;CHICLES;GROSSO;MENTA;700 g;SODOMIN;1;100;;;;;;1
'7802225130240;CHICLES;GROSSO;MORA;700 g;SODOMIN;1;100;;;;;;1
'7802225130141;CHICLES;GROSSO;POWER;700 g;SODOMIN;1;100;;;;;;1
'7802225130264;CHICLES;GROSSO;SANDIA;700 g;SODOMIN;1;100;;;;;;1
'7802225130219;CHICLES;GROSSO;TUTTI FRUTTI;700 g;SODOMIN;1;100;;;;;;1
'7757174986731;CHICLES;GROSSO;BOLSA SABORES SURTIDOS;325 g;SN;1;50;24;;;;;1
'7802225115735;CHICLES;LAAARGO;MENTA;700 g;DOS EN UNO;1;50;8;;;;;1
'7802225115728;CHICLES;LAAARGO;TUTTI FRUTTI;700 g;DOS EN UNO;1;50;8;;;;;1
'7771702000423;CHICLES;LUBAGOMABUM;CLASICO;420 g;CASAL;1;30;;;;;;1
'7771702000553;CHICLES;LUBAGOMABUM;MENTA;420 g;CASAL;1;30;;;;;;1
'7771702000379;CHICLES;MINI LUBAGOMABUM;CLASICO;336 g;CASAL;1;30;;;;;;1
'7771702000829;CHICLES ACIDO;LUBAGOMA ACID;ACIDO;420 g;CASAL;1;30;;;;;;1
'7702993028414;CHICLES ACIDOS;REVOLCON HIPER ACIDO;CHICLE RELLENO DE ACIDO;250 g;MADISA;1;50;12;;;;;1
'7861008502384;CHICLES ACIDOS;SUPER HIPER ACIDO;MARACUYA;175 g;MINIOL;1;50;;;;;;1
'7861008536174;CHICLES ACIDOS;SUPER HIPER ACIDO;SABORES SURTIDOS;175 g;MINIOL;1;50;;;;;;1
'7771701002749;CHICLES MASTICABLES;MASTICABLE BANDA COLOR;CARAMELO  MASTICABLE DE FRUTAS;370 g;LA ESTRELLA;1;20;;;;;;1
'7702993602508;CHICLES MASTICABLES;MASTICABLE BARRILETE;CARAMELO BLANDO CON SABOR A TUTTI FRUTTI;400 g;MADISA;1;50;18;;;;;1
'7798040592045;CHICLES MASTICABLES;CREMOSITO;FRAMBUESA MANZANA FRUTILLA CON CHANTILLY;300 g;SODOMIN;1;100;50;;;;;1
'7790580178208;CHICLES MASTICABLES;FRUTALES;SABOR BANANA DURAZNO CEREZA MANZANA ;800 g;SODOMIN;1;240;10;;;;;1
'7702993032961;CHICLES MENTOS;NEXT;FRESA;14 g;MADISA;1;24;;;;;;1
'7702993023617;CHICLES MENTOS;NEXT;LIMON;14 g;MADISA;1;24;;;;;;1
'7702993030134;CHICLES MENTOS;NEXT;MENTA;14 g;MADISA;1;24;;;;;;1
'7702993040584;CHICLES MENTOS;NEXT;SANDIA;14 g;MADISA;1;24;;;;;;1
'7702011078346;CHICLES MENTOS;XTIME;EXTRA FUERTE;320 g;SODOMIN;1;100;;;;;;1
'7702011277718;CHICLES MENTOS;XTIME;MENTA;320 g;SODOMIN;1;100;;;;;;1
'7891151036191;CHICLES RELLENOS;CROC;MENTA;172 g;SODOMIN;1;40;20;;;;;1
'7861008502445;CHICLES RELLENOS;KATABOOM;FRESA;288 g;MINIOL;1;60;;;;;;1
'7861008529404;CHICLES RELLENOS;KATABOOM;SABORES SURTIDOS;288 g;MINIOL;1;60;;;;;;1
'7891118013609;CHICLES RELLENOS;POOSH!;FRESA;200 g;SODOMIN;1;40;18;;;;;1
'7891118013593;CHICLES RELLENOS;POOSH!;MENTA;200 g;SODOMIN;1;40;18;;;;;1
'7891118013586;CHICLES RELLENOS;POOSH!;TUTTI FRUTI;200 g;SODOMIN;1;40;18;;;;;1
'7861008506030;CHINOS;CHICLE AGOGO;CHERRY STRAWBERRY BLUEBERRY;11,6 g;SODOMIN;1;40;;;;;;1
'6922235800245;CHINOS;GELATINA ASSORTD JELLIES;MINI GELATINAS SABOR UVA MANGO FRUTILLA MANZANA;15,5 g;SODOMIN;1;40;;;;;;1
'6971966333248;CHINOS;JALEA BOMBA SOUR;CARAMLO LIQUIDO SABORES A FRUTAS;20 g;SODOMIN;1;30;;;;;;1
'6986125545067;CHINOS;CHICLE CARAMELO CANDY LOKA;CARAMELOS CON CHICLE EN ENVASE DE PLASTICO;7,5 g;SODOMIN;1;30;;;;;;1
'6975896430177;CHINOS;JALEA CANDY LOKA SHARE HAPPY;JALEA SABOR A FANTA COCA Y SPRITE;18 g;SODOMIN;1;30;;;;;;1
'6965300916540;CHINOS;CARAMELO PALITOS CARAMELO BLANDO;CARAMELO BLANDO CON SABOR A FRUTAS Y PALITOS;13,5 g;SODOMIN;1;30;;;;;;1
'6971066333170;CHINOS;CARAMELO CARAMELO BLANDO;CARAMELO BLANDO BEBETO;6 g;SODOMIN;1;60;;;;;;1
'6985445480065;CHINOS;CARAMELO PALITOS CARAMELO DURO Y BLANDO;CARAMELO DURO Y POLVO ACIDO CON PALITOS;22 g;SODOMIN;1;30;;;;;;1
'6973155762823;CHINOS;SPRAY ACIDO CARAMELO LIQUIDO;CARAMELO LIQUIDO EN FRASCO;25 ml;SODOMIN;1;30;;;;;;1
'6923634959497;CHINOS;CHICLE CHICLE RODISET;CHICLE PINTA BOCA CON TATUAJE;12 g;SODOMIN;1;30;;;;;;1
'6929309003441;CHINOS;GELATINA DELICI OSO;GELATINAS SABOR FRUTILLA MANZANA PIÑA;35 g;SODOMIN;1;30;;;;;;1
'6987412568776;CHINOS;GOMITA DINOSAUR GUMMY CANDY;GOMITAS EN FORMA DE DINOSAURIO;8 g;SODOMIN;1;30;;;;;;1
'6973155762762;CHINOS;CARAMELO POLVO FRUITY STRAW;CARAMELO EN POLVO SABOR ARANDANOS FRUTILLA UVA;12 g;SODOMIN;1;60;;;;;;1
'6993675927366;CHINOS;GOMITA CHICLE GESTURY STYKE GUMMY;GOMITAS CON CLHICLES DE SABORES;12,5 g;SODOMIN;1;30;;;;;;1
'6929309259667;CHINOS;CHICLE GOMA DE MASCAR CANDY LOKA;GOMA DE MASCAR SABOR A FRUTAS;16 g;SODOMIN;1;30;;;;;;1
'6941254658569;CHINOS;CHICLE GOMA JIRAFA;GOMA DE MASCAR SABOR A FRUTAS;18 g;SODOMIN;1;30;;;;;;1
'6941645678664;CHINOS;GOMITA GOMITA BLANDA;GOMITAS CON SABOR A FRUTILLA UVA MANZANA;10 g;SODOMIN;1;30;;;;;;1
'6975326000055;CHINOS;GOMITA GOMITA DE HAMBUERGUESA;GOMITAS DE HAMBURGUESA SABOR A FRUTAS;10 g;SODOMIN;1;30;;;;;;1
'6925448109983;CHINOS;GOMITA GUMMY BERRIES;GOMITAS DE FRAMBUESA Y MORA;20 g;SODOMIN;1;30;;;;;;1
'6986986596451;CHINOS;GELATINA ICE BOARD;GELATINAS DE SABORES A REFRESCO;35 g;SODOMIN;1;40;;;;;;1
'6973155763271;CHINOS;GALLETA JELLY CANDY + POWDER;GALLETAS EN TROZOS PEQUEÑOS;10 g;SODOMIN;1;30;;;;;;1
'6973155764643;CHINOS;GELATINA KONJAC JELLY;GELATINAS DE SABORES A REFRESCO;28 g;SODOMIN;1;35;;;;;;1
'6983069563485;CHINOS;JALEA LIQUID GEL CANDY;CARAMELO LIQUIDO EN SACHET SABOR A FRUTAS;11 g;SODOMIN;1;60;;;;;;1
'6972885412053;CHINOS;CARAMELO JUGUETE MAGIC FRUTE;CARAMELO CON JUGUETE SILBATO;3,5 g;SODOMIN;1;30;;;;;;1
'6920344800415;CHINOS;GOMITA MAGIC HAIR;GOMITAS DE GELATINA SABOR A FRUTAS;8 g;SODOMIN;1;30;;;;;;1
'6922235801105;CHINOS;MASMELO MARSHMALLOW CALABASITAS;MALVAVISCOS DE SABORES;3 g;SODOMIN;1;100;;;;;;1
'6922235801099;CHINOS;MASMELO MARSHMALLOW OJITOS;MALVAVISCOS DE SABORES;5 g;SODOMIN;1;40;;;;;;1
'6970426897970;CHINOS;GELATINA MINI GELATINA;MINI GELATINAS  EN COPITASABOR UVA MANGO FRUTILLA MANZANA;30 g;SODOMIN;1;48;;;;;;1
'6941564184123;CHINOS;CHOCOLATE CREMA NUTELLO;CHOCOLATE MAS BISCUIT;12 g;SODOMIN;1;30;;;;;;1
'6973155760515;CHINOS;CHICLE JUGUETE RABBIT MAZE;CHICLES DE SABORES CON JUGUETES;5,5 g;SODOMIN;1;30;;;;;;1
'6973155760508;CHINOS;CARAMELO JUGUETE SAAM;CARAMELO CON JUGUETE LINTERNA;2 g;SODOMIN;1;30;;;;;;1
'6973155762786;CHINOS;SPRAY ACIDO SKELETON;CARAMELO LIQUIDO EN FRASCO;25 ml;SODOMIN;1;30;;;;;;1
'6973155764209;CHINOS;GOMITA SNAKE JELLY CANDY;GOMITA BLANDA SABOR FRUTILLA UVA FRESA;8 g;SODOMIN;1;30;;;;;;1
'6972885412923;CHINOS;CARAMELO JUGUETE SORPRESAS;CARAMELOS CON JUGUETE SORPRESA;219 g;SODOMIN;1;30;;;;;;1
'6973690022086;CHINOS;GOMITA SPONGE BOB;GOMITAS CON FORMAS DE COMIDA;10 g;SODOMIN;1;60;;;;;;1
'6976623850183;CHINOS;CARAMELO TOTY TOTY;CHUPA DEDO DE SABORES;8 g;SODOMIN;1;30;;;;;;1
'6975326000024;CHINOS;CARAMELO JUGUETE TROMPETITAS SPEAKER TOY;CARAMELO DURO CON JUGUETE DE TROMPETA;2 g;SODOMIN;1;30;;;;;;1
'7898142866195;CHOCOLATE CON CARAMELO;CHUBI CHUBI;HALLOWIN;360 g;SODOMIN;1;24;;;;;;1
'7892225426695;CHOCOLATE CON CARAMELO;CHUBI CHUBI;MINIS;320 g;SODOMIN;1;40;;;;;;1
'7896383055057;CHOCOLATE DE CREMA;DUCREM;TRISABOR;600 g;SODOMIN;1;60;16;;;;;1
'7896969400370;CHOCOLATE DE CREMA;NUCITA;BICOLOR;480 g;SODOMIN;1;48;24;;;;;1
'7771718071769;CHOCOLATE DE JALEA;SALSA CHOCOLATE;SABOR CHOCOLATE;400 g;MADISA;1;;;;;;;1
'7771718072087;CHOCOLATE DE JALEA;SALSA FRUTILLA;SABOR FRUTILLA;400 g;MADISA;1;;;;;;;1
'7891008367027;CHOCOLATE EN BARRA;BATON;BARRA DE CHOCOLATE CON LECHE;480 g;MINIOL;1;30;;;;;;1
'7896066762616;CHOCOLATE EN BARRA;BEL;BOM BON SURTIDOS;180 g;SODOMIN;1;20;;;;;;30
'7751584003729;CHOCOLATE EN BARRA;CACHORRITOS;TABLETA DE CHOCOLATE;240 g;SN;1;24;;;;;;1
'7891008113952;CHOCOLATE EN BARRA;GAROTO SURTIDO;VARIEDAD DE CHOCOLATES GAROTO;250 g;MINIOL;1;;;;;;;1
'7750885002561;CHOCOLATE EN BARRA;MECANO;CHOCOLATE CON MANJAR;608 g;SN;1;32;;;;;;1
'7802225538497;CHOCOLATE EN BARRA;NIKOLO;MANI;720 g;SODOMIN;1;30;;;;;;1
'7613032522537;CHOCOLATE EN BARRA;SUBLIME; BOMBON CHOCOLATE RELLENA CON MANI;400 g;NESTLE;1;50;12;;;;;1
'8445291406773;CHOCOLATE EN BARRA;SUBLIME;CLASICO CHOCOLATE RELLENA CON MANI;624 g;NESTLE;1;24;18;;;;;1
'8445291134317;CHOCOLATE EN BARRA;TRIANGULO;JUNIOR;270 g;NESTLE;1;18;;;;;;1
'7790580119133;CHOCOLATE RELLENO;BON O BON;CHOCOLATE RELLENO CON CREMA DE MANI;450 g;SODOMIN;1;30;;;;;;1
'7802220141067;CHOCOLATE RELLENO;MOMENTO;BARRA DE COCO BANIADO EN CHOCOLATE;504 g;SODOMIN;1;18;;;;;;1
'7802225510264;CHOCOLATE RELLENO;PROVILEGIO;MIXTO;252 g;SODOMIN;1;10;;;;;;1
'7802225510196;CHOCOLATE RELLENO;PROVILEGIO TABLETA;MIXTO;60 g;SODOMIN;1;;;;;;;1
'7771718072131;CHOCOLATE SEMIAMARGO;CELINDA;COBERTURA CHOCOLATE SEMIAMARGO;500 g;MADISA;1;24;;;;;;1
'7771718071400;CHOCOLATE SEMIAMARGO;CELINDA;COBERTURA CHOCOLATE SEMIAMARGO;1 kg;MADISA;1;12;;;;;;1
'7702011147813;CHUPETES;BON BON BUM;SURTIDO;336 g;SODOMIN;1;24;15;;;;;1
'7771701002503;CHUPETES;CHUPA COLA;COLA;570 g;LA ESTRELLA;1;50;;;;;;1
';CHUPETES;CHUPETE ARTESANAL;CARAMELOS ARTESANALES DE COLA FANTA Y SPRITE;0;SODOMIN;1;24;50;;;;;1
'7771701002398;CHUPETES;DULCI VACA;CARAMELO DURO SABOR A LECHE;405 g;LA ESTRELLA;1;50;;;;;;1
'7702174083546;CHUPETES;YOGUETA;SURTIDO;360 g;SODOMIN;1;24;12;;;;;1
'7772802000221;COCOAS;COCOA CHOCO PITER;EN BOLSA CON AZUCAR;50 g;ICAL;1;12;10;;;;;1
'7772802000238;COCOAS;COCOA CHOCO PITER;EN BOLSA CON AZUCAR DE KILO;1 kg;ICAL;1;;20;;;;;1
'7771711001114;COCOAS;COCOA CHOCOLATE;DE MESA;1 kg;EL CEIBO;1;12;12;;;;;1
'6979677625981;COCOAS;CARAMELO CHUBI CHOCOLATE BEANS LOLLIPOP;CARAMELO DE SABORES CON CONFETIS DE CHOCOLATE;7 g;SODOMIN;1;30;;;;;;1
'6972885411988;COCOAS;CHOCOLATE CREMA CHOCOLATE CHOCO FETT;PAST DE CHOCOLATE CON CREMA DE AVELLANA;16 g;SODOMIN;1;30;;;;;;1
'6983698254785;COCOAS;CHOCOLATE CHOCOLATE PEN;PASTA DE CHOCOLATE;9,5 g;SODOMIN;1;30;;;;;;1
'7771718070342;COCOAS;COCOA CHOCOLIKE;BOLSA CON AZUCAR;50 g;MADISA;1;12;;;;;;1
'7771718070076;COCOAS;COCOA CHOCOLIKE;BOLSA CON AZUCAR;400 g;MADISA;1;24;;;;;;1
'7771718070045;COCOAS;COCOA CHOCOLIKE;FRASCO CON AZUCAR;400 g;MADISA;1;24;;;;;;1
'7771718072681;COCOAS;COCOA CHOCOLIKE;FRASCO CON AZUCAR;300 g;MADISA;1;24;;;;;;1
'7771718070366;COCOAS;COCOA CHOCOLIKE;FRASCO CON AZUCAR DE TARRO;800 g;MADISA;1;24;;;;;;1
'7771718070014;COCOAS;COCOA CHOCOLIKE;FRASCO CON AZUCAR DE TARRO;2 kg;MADISA;1;6;;;;;;1
'7771718071028;COCOAS;CHOCOLATE DE CREMA CHOCOLIKE CREMITA;BICOLOR;480 g;MADISA;1;48;24;;;;;1
'7771718070021;COCOAS;COCOA CHOCOLIKE DE KILO;BOLSA CON AZUCAR DE TARRO;1kg;MADISA;1;12;;;;;;1
'7772802000016;COCOAS;COCOA PITER;BOLSA SIN AZUCAR;50 g;ICAL;1;12;10;;;;;1
';COCOAS;CHOCOLATE SAN LUISITO;CHOCOLATE DE MESA;800 g aprox;SN;1;;;;;;;1
';CONDIMENTOS;AJI;AMARRILLO SIN PICANTE  S´RIICC;9 g;EL CHASQUI;1;90;;;;;;1
';CONDIMENTOS;AJI;ROJO PAPRIKA;10 g;EL CHASQUI;1;10;6;;;;;1
';CONDIMENTOS;AJI;ROJO PAPRIKA PICANTE;10 g;EL CHASQUI;1;10;6;;;;;1
';CONDIMENTOS;AJI;AMARRILLO PICANTE;9 g;EL CHASQUI;1;10;6;;;;;1
';CONDIMENTOS;AJI;AMARRILLO SIN PICANTE;9 g;EL CHASQUI;1;10;6;;;;;1
'736372850409;CONDIMENTOS;AJO;MOLIDO TIERRA NUESTRA EN FRASCO;50 g;MADISA;1;;;;;;;1
';CONDIMENTOS;AJO;MOLIDO EL CHASQUI;10 g;EL CHASQUI;1;10;6;;;;;1
';CONDIMENTOS;CALDO DOÑA GUSTA;COSTILLA DE RES;7 g;AJI NOMOTO;1;10;6;;;;;1
';CONDIMENTOS;CALDO DOÑA GUSTA;GALLINA;7 g;AJI NOMOTO;1;10;6;;;;;1
'736372850430;CONDIMENTOS;COMINO;MOLIDO TIERRA NUESTRA EN FRASCO;50 g;MADISA;1;;;;;;;1
';CONDIMENTOS;COMINO;MOLIDO EL CHASQUI;10 g;EL CHASQUI;1;10;6;;;;;1
'736372850423;CONDIMENTOS;CURCUMA;EN POLVO TIERRA NUESTRA EN FRASCO;50 g;MADISA;1;;;;;;;1
'736372850461;CONDIMENTOS;JENGIBRE TIERRA NUESTRA;EN POLVO TIERRA NUESTRA EN FRASCO;50 g;MADISA;1;;;;;;;1
';CONDIMENTOS;LOCOTO;MOLIDO EL CHASQUI;5 g;EL CHASQUI;1;10;6;;;;;1
';CONDIMENTOS;OREGANO;DESHIDRATADO Y MOLIDO;7 g;EL CHASQUI;1;10;6;;;;;1
';CONDIMENTOS;PALILLO;CURCUMA MOLIDA;10 g;EL CHASQUI;1;10;6;;;;;1
'736372850447;CONDIMENTOS;PIMIENTA;EN POLVO TIERRA NUESTRA EN FRASCO;50 g;MADISA;1;;;;;;;1
';CONDIMENTOS;PIMIENTA;NEGRA MOLIDA;7 g;EL CHASQUI;1;10;6;;;;;1
'7801800100012;CONSERVAS;DURAZNO ENLATADO ACONCAGUA;DURAZNO EN ALMIBAR;820 g;SODOMIN;1;;;;;;;1
'7751449000566;CONSERVAS;MERMELADA GIGANTE;MERMELADA DE FRESA;330 g;ICAL;1;12;;;;;;1
'7751449000108;CONSERVAS;MERMELADA GIGANTE;MERMELADA DE FRESA;340 g;ICAL;1;12;;;;;;1
'7800922071856;CONSERVAS;ATUN LIDITA;GRATED DE ANCHOVETA EN AGUA Y SAL;170 g;SODOMIN;1;24;;;;;;1
'7896704711143;CONSERVAS;SARDINA LIDITA CHILENA;JUREL EN CONSERVA CON SALSA DE TOMATE;425 g;SODOMIN;1;24;;;;;;1
'7801268001807;CONSERVAS;SARDINA LIDITA PERUANA;LIDITA EN SALSA DE TOMATE;425 g;SODOMIN;1;24;;;;;;1
'7896041104011;CONSERVAS;VIANDADA ODERICH FIAMBRE;FIAMBRE DE CARNE VOVINA;320 g;SODOMIN;1;24;;;;;;1
'7798085990790;CONSERVAS;DURAZNO ENLATADO OKEY;DURAZNO EN JARABE DILUIDO;820 g;SODOMIN;1;;;;;;;1
'7790920008707;CONSERVAS;SAFRA;PICADILLO DE CARNE;90 g;SODOMIN;1;;;;;;;1
'7750243068840;DETERGENTE;JABON BOLIVAR;VERDE LIMON;190 g;;1;;;;;;;1
'7750243068826;DETERGENTE ;JABON BOLIVAR;AZUL FLORAL;190 g;;1;;;;;;;1
'7779970830704;DETERGENTE EN POLVO;OMO;LIMON CON BICARVONATO;4,8 kg;UNILEVER;1;;;;;;;1
'7779970676371;DETERGENTE EN POLVO;OMO 1 KILO;LIMON CON BICARVONATO;1 K;UNILEVER;1;;;;;;;1
'7779970676265;DETERGENTE EN POLVO;OMO PEQUEÑO;LIMON CON BICARVONATO;150 g;UNILEVER;1;;;;;;;1
'7779970670935;DETERGENTE EN POLVO;SKIP EVOLUTION;FORMULA ESPECIAL PARA LAVADORA;3,8 kg;UNILEVER;1;;;;;;;1
'7774904404648;DETERGENTE EN POLVO;TODO BRILLO;FRORAL CON TOQUE SUAVIZANTE;10 Kg;;1;;;;;;;1
';DETERGENTE EN POLVO;TODO BRILLO;FRORAL CON TOQUE SUAVIZANTE;2 Kg;;1;;;;;;;1
';DETERGENTE EN POLVO;TODO BRILLO;LIMON CON TOQUE SUAVIZANTE;2 Kg;;1;;;;;;;1
';DETERGENTE EN POLVO;TODO BRILLO;ORIGINAL CON TOQUE SUAVIZANTE;2 Kg;;1;;;;;;;1
';DETERGENTE EN POLVO;TODO BRILLO;FRORAL CON TOQUE SUAVIZANTE;3,5 Kg;;1;;;;;;;1
';DETERGENTE EN POLVO;TODO BRILLO;LIMON CON TOQUE SUAVIZANTE;3,5 Kg;;1;;;;;;;1
';DETERGENTE EN POLVO;TODO BRILLO;ORIGINAL CON TOQUE SUAVIZANTE;3,5 Kg;;1;;;;;;;1
';DETERGENTE EN POLVO;TODO BRILLO;FRORAL CON TOQUE SUAVIZANTE;5 Kg;;1;;;;;;;1
';DETERGENTE EN POLVO;TODO BRILLO;LIMON CON TOQUE SUAVIZANTE;5 Kg;;1;;;;;;;1
';DETERGENTE EN POLVO;TODO BRILLO;ORIGINAL CON TOQUE SUAVIZANTE;5 Kg;;1;;;;;;;1
'7774904403160;DETERGENTE EN POLVO;TODO BRILLO;FRORAL CON TOQUE SUAVIZANTE;700 g;;1;;;;;;;1
';DETERGENTE EN POLVO;TODO BRILLO;LIMON CON TOQUE SUAVIZANTE;700 g;;1;;;;;;;1
';DETERGENTE EN POLVO;TODO BRILLO;ORIGINAL CON TOQUE SUAVIZANTE;700 g;;1;;;;;;;1
'7774904285409;DETERGENTE EN POLVO;TODO BRILLO;TOQUE SUAVIZANTE PARA MAQUINA;10 Kg;;1;;;;;;;1
'7774904287258;DETERGENTE EN POLVO;TODO BRILLO;TOQUE SUAVIZANTE PARA MAQUINA;5 Kg;;1;;;;;;;1
'7774904404631;DETERGENTE EN POLVO;TODO BRILLO;FLORAL MULTIUSO;140 g;;1;;;;;;;1
'7774904404624;DETERGENTE EN POLVO;TODO BRILLO;LIMON MULTIUSO;140 g;;1;;;;;;;1
';DETERGENTE EN POLVO;TODO BRILLO;ORIGINAL;140 g;;1;;;;;;;1
'7750243075091;DETERGENTE EN POLVO;UNO;ARMONIA FLORAL;700 g;;1;;;;;;;1
'7750243075107;DETERGENTE EN POLVO;UNO;FRESCURA LIMON FORMULA 5en1;700 g;;1;;;;;;;1
'7750243075121;DETERGENTE EN POLVO;UNO;SUAVIDAD DE COCO;700 g;;1;;;;;;;1
'7757174008709;DULCES;ALKA;CHERRY;500 g;ARCOR;1;250;;;;;;1
'7757174073608;DULCES;ALKA;MENTOL;500 g;ARCOR;1;250;;;;;;1
'7891151035095;DULCES;AWEET KISS;SABORES SURTIDOS;600 g;SODOMIN;1;100;50;;;;;1
'7790580118426;DULCES;BUTTERN CREAM;LECHE MILK;810 g;ARCOR;1;180;;;;;;1
'7771701002237;DULCES;CARAMELO SURTIDO;SABORES SURTIDOS;900 g;LA ESTRELLA;1;150;;;;;;1
'7771702000096;DULCES;CREMALIN TOFFEE DE LECHE;CARANELO DE LECHE CHOCOLTE;900 g;SODOMIN;1;130;;;;;;1
'7896259417330;DULCES;EMBARE DE CHOCOLATE;CARAMELO DE LEITE CHOCOLATE;660 g;SODOMIN;1;100;;;;;;1
'7771701002107;DULCES;EUCALIPTO;CARAMELO DURO SABOR EUCALIPTO;950 g;LA ESTRELLA;1;215;;;;;;1
'7790580118273;DULCES;MENTA CHOCOLATE;MENTA CON CHOCOLATE;715 g;SODOMIN;1;135;;;;;;1
'7771701002220;DULCES;MIEL LIMON;MIEL Y LIMON;475 g;LA ESTRELLA;1;200;;;;;;1
'7802200117778;DULCES;TOFFE MINT;MENTA;405 g;SODOMIN;1;100;;;;;;1
'7790580223205;DULCES ACIDOS;FIZZ EXTREME;CARAMELO CON EFERVECENTE ACIDO;883 g;SODOMIN;1;48;;;;;;1
'7802200136939;DULCES GOMITAS;FRUGELE GOMITAS;GOMITAS DE GELATINA DE SABORES;430 g;SODOMIN;1;100;;;;;;1
'7622210426963;DULCES MENTOS;HALLS;CEREZA;302 g;SODOMIN;1;12;;;;;;1
'7622210426870;DULCES MENTOS;HALLS;MENTOL Y EUCALIPTO;302 g;SODOMIN;1;12;;;;;;1
'7896451902542;DULCES PASTILLAS;PASTILLE;PASTILLAS COLORADAS AROMATIZADAS;385 g;SODOMIN;1;100;;;;;;1
'7754487001700;FIDEOS;FIDEO INSTANTANIO AJI NO MEN;CARNE;80 g;AJINOMEN;1;24;;;;;;1
';FIDEOS;FIDEO INSTANTANIO AJI NO MEN;CARNE PICANTE;80 g;AJINOMEN;1;24;;;;;;1
';FIDEOS;FIDEO INSTANTANIO AJI NO MEN;COSTILLA;80 g;AJINOMEN;1;24;;;;;;1
';FIDEOS;FIDEO INSTANTANIO AJI NO MEN;POLLO;80 g;AJINOMEN;1;24;;;;;;1
';FIDEOS;FIDEO INSTANTANIO AJI NO MEN;POLLO CON VERDURAS;80 g;AJINOMEN;1;24;;;;;;1
';FIDEOS;FIDEO INSTANTANIO AJI NO MEN;POLLO PICANTE;80 g;AJINOMEN;1;24;;;;;;1
'7772912000081;FIDEOS;FIDEO PASTA RICA;TRIGO;400 g;SANTA ROSA;1;10;;;;;;1
';FOSFOROS;FOSFORO FIAT LUX;AMARILLO GRANDE;16 u;;1;16;;;;;;1
';FOSFOROS;FOSFORO FIAT LUX OLHO;BLANCO PEQUEÑO;10 u;;1;10;20;;;;;1
';FOSFOROS;FOSFORO PARANA;ROJO;10 u;;1;;;;;;;1
'7773435740348;GALLETAS;CHIP O CHIP;CHOCOLATE CON CHISPAS DE CHOCOLATE;32 g;CARSA;1;30;;;;;;1
'7773435740126;GALLETAS;CHIP O CHIP;CON CHISPAS DE CHOCOLATE;32 g;CARSA;1;30;;;;;;1
'7622202015083;GALLETAS;CHOCO SODA;CHOCOLATE;216 g;MONDELEZ;1;6;24;;;;;1
'7702189056320;GALLETAS;CHOKIS;CHOCOLATE CON CHISPAS DE CHOCOLATE;222 g;CRUCIMEX;1;6;24;;;;;1
'7622201717537;GALLETAS;CLUB SOCIAL;SALADAS;216 g;MONDELEZ;1;9;28;;;;;1
'7773435740027;GALLETAS;DORADITAS;AGUA;60 g;CARSA;1;30;;;;;;1
';GALLETAS;DULCE MARIA;GALLETA MEDIANA;50 g;MARIEL;1;30;;;;;;1
'7773435740041;GALLETAS;GALLETICON;AVELLANA CON CHOCOLATE;300 g;CARSA;1;6;30;;;;;1
'7772912000098;GALLETAS;GALLETITAS DULCES;VAINILLA;300 g;MARIEL;1;24;;;;;;1
'7773401002753;GALLETAS;GAUCHITAS;AGUA;90 g;FAGAL;1;30;;;;;;1
'7773401002722;GALLETAS;GALLETA MARIA;MAIZENA;90 g;FAGAL;1;30;;;;;;1
'7773401002739;GALLETAS;GALLETA MARIA;CHOCOLATE;90 g;FAGAL;1;30;;;;;;1
'7773435740454;GALLETAS;GALLETA MARIA DORIS;CHOCOLATE;40 g;CARSA;1;30;;;;;;1
'7773435740447;GALLETAS;GALLETA MARIA DORIS;ORIGINAL;40 g;CARSA;1;30;;;;;;1
'7896003738490;GALLETAS;GALLETA MARILAN;CHOCOLATE;300 g;MADISA;1;30;;;;;;1
'7896003738421;GALLETAS;GALLETA MARILAN;LECHE;300 g;MADISA;1;30;;;;;;1
'7773401002746;GALLETAS;GALLETA MORADITAS;SALADA;90 g;FAGAL;1;30;;;;;;1
'7896003739404;GALLETAS;PIT STOP;SALADA;137 g;MADISA;1;6;30;;;;;1
'7773435740539;GALLETAS;GALLETA SUPER DORADIDAS;MANTEQUILLA;100 g;CARSA;1;15;;;;;;1
'7773435740478;GALLETAS;GALLETA SUPER DORADITAS;CLASICA;100 g;CARSA;1;15;;;;;;1
'7750168001953;GALLETAS CON CREMA;OREO;CHOCOLATE CON CREMA;216 g;MONDELEZ;1;6;28;;;;;1
'7773435740430;GALLETAS CRACKER;CRACKER DORITA;AGUA;40 g;CARSA;1;30;;;;;;1
'7779604012346;GALLETAS CRACKER;CRICK;AGUA;500 g;SAN GABRIEL;1;;;;;;;1
'7779604010021;GALLETAS CRACKER;CRICK;AGUA;1 kl;SAN GABRIEL;1;;;;;;;1
'7779604010014;GALLETAS CRACKER;CRICK;AGUA;220 g;SAN GABRIEL;1;6;;;;;;1
'7779604010380;GALLETAS CRACKER;CRICK;FIBRA;1 kl;SAN GABRIEL;1;;;;;;;1
'7779604011462;GALLETAS CRACKER;CRICK;FIBRA;500 g;SAN GABRIEL;1;;;;;;;1
'7771223000087;GALLETAS CRACKER;CRACKER INTEGRAL;INTEGRAL;220 g;FERRARI;1;;;;;;;1
'7773435740515;GALLETAS CRACKER;CRACKER JIRAFA;NORMAL;250 g;CARSA;1;;;;;;;1
';GALLETAS DULCES;COOKIS;COCO;360 g;SAN GABRIEL;1;20;;;;;;1
';GALLETAS DULCES;CORAZONADA;CANELA;360 g;SAN GABRIEL;1;20;;;;;;1
';GALLETAS DULCES;GALLETA SURTIDAS DE LA ABUELA;SURTIDAS;360 g;SAN GABRIEL;1;20;;;;;;1
';GALLETAS ESCOLARES;DINO;DULCE;25 g;SAN GABRIEL;1;60;;;;;;1
';GALLETAS ESCOLARES;MINI CRACKER;SALADA;25 g;GUSTOSSI;1;60;;;;;;1
'7772619002593;GALLETAS ESCOLARES;SNACK ANIMALES;DULCE;21 g;LA SUPREMA;1;60;;;;;;1
'7772619002616;GALLETAS ESCOLARES;SNACK SALADITA;SALADA;21 g;LA SUPREMA;1;60;;;;;;1
'7772619002012;GALLETAS ESCOLARES;ULA ULA;CHOCOLATE;21 g;LA SUPREMA;1;60;;;;;;1
'7772619001992;GALLETAS ESCOLARES;ULA ULA;COCO;21 g;LA SUPREMA;1;60;;;;;;1
'7772619002029;GALLETAS ESCOLARES;ULA ULA;LECHE;21 g;LA SUPREMA;1;60;;;;;;1
'7773435740034;GALLETAS RELLENAS;CRICKS;LECHE CHOCOLATE FRUTILLA;50 g;CARSA;1;6;6;;;;;1
'7802408000919;GALLETAS RELLENAS;KILATTE;RELLENA CON CHOCOLATE;22 g;FRUNA;1;20;12;;;;;1
'7802408092082;GALLETAS RELLENAS;KILOMBO;BANADA CON CHOCOLATE SABOR VAINILLA;42 g;FRUNA;1;20;6;;;;;1
'7773435740324;GALLETAS RELLENAS;MINI CRICKS;CHOCOLATE;24 g;CARSA;1;60;;;;;;1
'7773435740317;GALLETAS RELLENAS;MINI CRICKS;FRUTILLA;24 g;CARSA;1;60;;;;;;1
'7773435740331;GALLETAS RELLENAS;MINI CRICKS;LECHE;24 g;CARSA;1;60;;;;;;1
'7778606000764;GALLETAS RELLENAS;SUBLIME;CHOCOLATE RELLENA CON CREMA SABOR MANI;276 g;NESTLE;1;6;30;;;;;1
';GALLETAS RELLENAS;TURRON AREQUEPAY;MANI;15 g;;1;20;;;;;;1
'7795522000524;GALLETAS RELLENAS;TURRON DE MANI;VAINILLA Y NARANJA;25 g;PALMESANO;1;50;;;;;;1
'7771223000179;GALLETAS WAFER;WAFER RESERVADAS;CHIRIMOYA;24 g;FERRARI;1;60;;;;;;1
';GALLETAS WAFER;WAFER CHOCOLATE;CHOCOLATE;50 g;MARIEL;1;30;;;;;;1
'7779604110332;GALLETAS WAFER;WAFER DADITOS;BROWNIE;40 g;CARSA;1;30;;;;;;1
'7779604110349;GALLETAS WAFER;WAFER DADITOS;CAPUCHINO;40 g;CARSA;1;30;;;;;;1
';GALLETAS WAFER;WAFER FRUTILLITA;FRUTILLA;50 g;MARIEL;1;30;;;;;;1
'7773401006874;GALLETAS WAFER;WAFER MABELS;CHOCOLATE;107 g;FAGAL;1;30;;;;;;1
'7773401006973;GALLETAS WAFER;WAFER MABELS;CHOCOLATE;42 g;FAGAL;1;30;;;;;;1
'7773401006904;GALLETAS WAFER;WAFER MABELS;COCO;107 g;FAGAL;1;30;;;;;;1
7,7734E+12;GALLETAS WAFER;WAFER MABELS;COCO;42 g;FAGAL;1;30;;;;;;1
'7773401006997;GALLETAS WAFER;WAFER MABELS;DULCE DE LECHE;107 g;FAGAL;1;30;;;;;;1
'7773401007024;GALLETAS WAFER;WAFER MABELS;DULCE DE LECHE;42 g;FAGAL;1;30;;;;;;1
'7773401006881;GALLETAS WAFER;WAFER MABELS;FRUTILLA;107 g;FAGAL;1;30;;;;;;1
'7773401006980;GALLETAS WAFER;WAFER MABELS;FRUTILLA;42g;FAGAL;1;30;;;;;;1
'7773401006911;GALLETAS WAFER;WAFER MABELS;LIMON;107 g;FAGAL;1;30;;;;;;1
'7773401007017;GALLETAS WAFER;WAFER MABELS;LIMON;42 g;FAGAL;1;30;;;;;;1
'7773401006997;GALLETAS WAFER;WAFER MABELS;VAINILLA;42 g;FAGAL;1;30;;;;;;1
'7772619003026;GALLETAS WAFER;WAFS;CHOCOLATE;30 g;LA SUPREMA;1;30;;;;;;1
'7772619004030;GALLETAS WAFER;WAFS;CHOCOLATE;100 g;LA SUPREMA;1;30;;;;;;1
'7772619003286;GALLETAS WAFER;WAFS;FRUTILLA;30 g;LA SUPREMA;1;30;;;;;;1
';GALLETAS WAFER;WAFS;FRUTILLA;100 g;LA SUPREMA;1;30;;;;;;1
';GALLETAS WAFER;WAFS;LIMON;100 g;LA SUPREMA;1;30;;;;;;1
'7772619003019;GALLETAS WAFER;WAFS;LINOM;30 g;LA SUPREMA;1;30;;;;;;1
';GALLETAS WAFER;WAFS;VAINILLA;30 g;LA SUPREMA;1;30;;;;;;1
'7772619004078;GALLETAS WAFER;WAFS;VAINILLA;100 g;LA SUPREMA;1;30;;;;;;1
';GALLETAS WAFER;WAFY;CHOCOLATE;20 g;CARSA;1;60;;;;;;1
';GASEOSAS;FANTA;GUARANA NO RETORNABLE;3 L;COCA COLA;1;6;;;;;;1
';GASEOSAS;FANTA;GUARANA NO RETORNABLE;2,5 L;COCA COLA;1;6;;;;;;1
';GASEOSAS;FANTA;GUARANA NO RETORNABLE;2 L;COCA COLA;1;6;;;;;;1
'7771609000205;GASEOSAS;COCA COLA;NO RETORNABLE;2,5 L;COCA COLA;1;6;;;;;;1
'77716088;GASEOSAS;COCA COLA;NO RETORNABLE;2 L;COCA COLA;1;6;;;;;;1
';GASEOSAS;COCA COLA;NO RETORNABLE;300 ml;COCA COLA;1;6;;;;;;1
'7771609000960;GASEOSAS;COCA COLA;NO RETORNABLE;3 L;COCA COLA;1;6;;;;;;1
'77716064;GASEOSAS;COCA COLA;NO RETORNABLE;500 ml;COCA COLA;1;6;;;;;;1
'7771609003091;GASEOSAS;COCA COLA;RETORNABLE PET;2,5 L;COCA COLA;1;6;;;;;;1
'7771605000094;GASEOSAS;COCA COLA;RETORNABLE PET;2 L;COCA COLA;1;6;;;;;;1
'7771609000182;GASEOSAS;COCA COLA;RETORNABLE VIDRIO;1,5 L;COCA COLA;1;6;;;;;;1
';GASEOSAS;COCA COLA;PERSONAL RETORNABLE VIDRIO;190 ml;COCA COLA;1;24;;;;;;1
';GASEOSAS;COKA QUINA;NO RETORNABLE;1 L;CASCADA;1;6;;;;;;1
';GASEOSAS;COKA QUINA;NO RETORNABLE;2 L;CASCADA;1;6;;;;;;1
';GASEOSAS;COKA QUINA;NO RETORNABLE;300 ml;CASCADA;1;6;;;;;;1
';GASEOSAS;COKA QUINA;NO RETORNABLE;3 L;CASCADA;1;6;;;;;;1
';GASEOSAS;COKA QUINA;NO RETORNABLE;500 ml;CASCADA;1;6;;;;;;1
';GASEOSAS;FANTA;GUARANA NO RETORNABLE;300 ml;COCA COLA;1;6;;;;;;1
';GASEOSAS;FANTA;GUARANA NO RETORNABLE;500 ml;COCA COLA;1;6;;;;;;1
';GASEOSAS;FANTA;GUARANA RETORNABLE PET;2,5 L;COCA COLA;1;6;;;;;;1
';GASEOSAS;FANTA;GUARANA RETORNABLE PET;2 L;COCA COLA;1;6;;;;;;1
';GASEOSAS;FANTA;GUARANA RETORNABLE VIDRIO;1,5 L;COCA COLA;1;6;;;;;;1
';GASEOSAS;FANTA;GUARANA PERSONAL RETORNABLE VIDRIO;190 ml;COCA COLA;1;24;;;;;;1
';GASEOSAS;FANTA;MANDARINA NO RETORNABLE;3 L;COCA COLA;1;6;;;;;;1
';GASEOSAS;FANTA;MANDARINA NO RETORNABLE;2,5 L;COCA COLA;1;6;;;;;;1
';GASEOSAS;FANTA;MANDARINA NO RETORNABLE;2 L;COCA COLA;1;6;;;;;;1
';GASEOSAS;FANTA;MANDARINA NO RETORNABLE;300 ml;COCA COLA;1;6;;;;;;1
';GASEOSAS;FANTA;MANDARINA NO RETORNABLE;500 ml;COCA COLA;1;6;;;;;;1
';GASEOSAS;FANTA;MANDARINA RETORNABLE PET;2,5 L;COCA COLA;1;6;;;;;;1
';GASEOSAS;FANTA;MANDARINA RETORNABLE PET;2 L;COCA COLA;1;6;;;;;;1
';GASEOSAS;FANTA;MANDARINA RETORNABLE VIDRIO;1,5 L;COCA COLA;1;6;;;;;;1
';GASEOSAS;FANTA;MANDARINA PERSONAL RETORNABLE VIDRIO;190 ml;COCA COLA;1;24;;;;;;1
';GASEOSAS;FANTA;NARANJA NO RETORNABLE;3 L;COCA COLA;1;6;;;;;;1
';GASEOSAS;FANTA;NARANJA NO RETORNABLE;2,5 L;COCA COLA;1;6;;;;;;1
';GASEOSAS;FANTA;NARANJA NO RETORNABLE;2 L;COCA COLA;1;6;;;;;;1
';GASEOSAS;FANTA;NARANJA NO RETORNABLE;300 ml;COCA COLA;1;6;;;;;;1
';GASEOSAS;FANTA;NARANJA NO RETORNABLE;500 ml;COCA COLA;1;6;;;;;;1
';GASEOSAS;FANTA;RETORNABLE PET ;2,5 L;COCA COLA;1;6;;;;;;1
';GASEOSAS;FANTA;RETORNABLE PET ;2 L;COCA COLA;1;6;;;;;;1
'7771609004609;GASEOSAS;FANTA;NARANJA RETORNABLE VIDRIO;1,5 L;COCA COLA;1;6;;;;;;1
';GASEOSAS;FANTA;NARANJA PERSONAL RETORNABLE VIDRIO;190 ml;COCA COLA;1;24;;;;;;1
';GASEOSAS;SALVIETTI;NO RETORNABLE;1 L;SALVIETTI;1;6;;;;;;1
';GASEOSAS;SALVIETTI;NO RETORNABLE;2 L;SALVIETTI;1;6;;;;;;1
';GASEOSAS;SALVIETTI;NO RETORNABLE;300 ml;SALVIETTI;1;6;;;;;;1
'7772115390798;GASEOSAS;SALVIETTI;NO RETORNABLE;3 L;SALVIETTI;1;6;;;;;;1
';GASEOSAS;SALVIETTI;NO RETORNABLE;500 ml;SALVIETTI;1;6;;;;;;1
';GASEOSAS;SIMBA;SABOR DURASNO NO RETORNABLE;2 L;COCA COLA;1;6;;;;;;1
';GASEOSAS;SIMBA;SABOR MANZANA NO RETORNABLE;2 L;COCA COLA;1;6;;;;;;1
';GASEOSAS;SIMBA;SABOR PIÑA NO RETORNABLE;2 L;COCA COLA;1;6;;;;;;1
'7771605000759;GASEOSAS;SIMBA;SABOR POMELO NO RETORNABLE;2 L;COCA COLA;1;6;;;;;;1
';GASEOSAS;SPRITE;NO RETORNABLE;2500 ml;COCA COLA;1;6;;;;;;1
';GASEOSAS;SPRITE;NO RETORNABLE;2 L;COCA COLA;1;6;;;;;;1
';GASEOSAS;SPRITE;NO RETORNABLE;300 ml;COCA COLA;1;6;;;;;;1
';GASEOSAS;SPRITE;NO RETORNABLE;3000 ml;COCA COLA;1;6;;;;;;1
'777166071;GASEOSAS;SPRITE;NO RETORNABLE;500 ml;COCA COLA;1;6;;;;;;1
';GASEOSAS;SPRITE;RETORNABLE PET;2500 ml;COCA COLA;1;6;;;;;;1
';GASEOSAS;SPRITE;RETORNABLE PET;2 L;COCA COLA;1;6;;;;;;1
';GASEOSAS;SPRITE;RETORNABLE VIDRIO;1500 ml;COCA COLA;1;6;;;;;;1
';GASEOSAS;SPRITE;PERSONAL RETORNABLE VIDRIO;190 ml;COCA COLA;1;124;;;;;;1
'7802200135727;GOMITAS;AMBROSITO;FRUTALES;500 g;SODOMIN;1;20;6;;;;;1
'7802200135130;GOMITAS;FLIPY;GOMITAS DE GELATINA SABOR FRUTAL;500 g;SODOMIN;1;20;6;;;;;1
'7790580409258;GOMITAS;MOGUL OSITO;GOMITA DE SABORES;300 g;SODOMIN;1;12;;;;;;1
'7802200130753;GOMITAS;SANDIA;GOMITA DE GELATINA SABOR SANDIA;500 g;SODOMIN;1;20;6;;;;;1
'7702993048092;GOMITAS;TRULULU;AROS GOMITAS SABOR FRUTAL;80 g;MADISA;1;24;;;;;;1
'7702993051764;GOMITAS;TRULULU;BANANOS GOMITAS SABOR FRUTAL;70 g;MADISA;1;24;;;;;;1
'7702993051863;GOMITAS;TRULULU;CASQUITOS GOMITAS SABOR FRUTAL;70 g;MADISA;1;24;;;;;;1
'7702993048177;GOMITAS;TRULULU;DINOS GOMITAS SABOR FRUTAL;80 g;MADISA;1;24;;;;;;1
'7702993022870;GOMITAS;TRULULU;FEROZ GOMITAS SABOR FRUTAL;450 g;MADISA;1;25;;;;;;1
'7702993051740;GOMITAS;TRULULU;FEROZ MINI GOMITAS SABOR FRUTAL;70 g;MADISA;1;24;;;;;;1
'7702993043998;GOMITAS;TRULULU;FRUWI GOMITAS JUGOSAMENTE FRUTAL;50 g;MADISA;1;24;;;;;;1
'7702993051733;GOMITAS;TRULULU;GUSANOS GOMITAS SABOR ACIDO;70 g;MADISA;1;24;;;;;;1
'7702993049617;GOMITAS;TRULULU;MASMELOS CON RELLENO SABOR CEREZA;50 g;MADISA;1;24;;;;;;1
'7702993047422;GOMITAS;TRULULU;MINI AROS GOMITAS SABOR FRUTAL;40 g;MADISA;1;24;;;;;;1
'7702993042403;GOMITAS;TRULULU;MONSTRY GOMITAS SABOR FRUTAS;75 g;MADISA;1;24;;;;;;1
'7702174079419;GOMITAS;TRULULU;PLAY GOMITAS DE GELATINA FRUTAL;55 g;MADISA;1;24;;;;;;1
'7702993051887;GOMITAS;TRULULU;SPLASH GOMITA FRUTAL CON LIQUIDO;55 g;MADISA;1;24;;;;;;1
'7802225406161;GOMITAS ACIDAS;MOGUL XTREME;GOMITA DE SABORES ACIDOS;300 g;SODOMIN;1;12;;;;;;1
'7802200135703;GOMITAS DE FRUTAS;AMBERRIES;FRESA Y MORA;500 g;SODOMIN;1;20;6;;;;;1
';GRAJEAS DECHOCOLATE;ALECITA;CHOCOLATE;20 g;EDYMAR;1;20;20;;;;;1
';GRAJEAS DECHOCOLATE;CARLITA;CHOCOLATE;12 g;EDYMAR;1;30;25;;;;;1
';GRAJEAS DECHOCOLATE;CHEF RICO RICO SNACKS;CHOCOLATE;12 g;IMPRAL;1;30;20;;;;;1
';GRAJEAS DECHOCOLATE;FILIPITO;GRAJEAS DE CHOCOLATE;12 g;CEIBO;;;;;;;;1
';GRAJEAS DECHOCOLATE;GRAJEAS EN OJITOS;GRAJEAS DE CHOCOLATE EN ENVASE;0;SODOMIN;1;30;;;;;;1
';GRAJEAS DECHOCOLATE;KRAPULCHOC;GRAJEAS DE CHOCOLATE;10 g;SODOMIN;1;60;;;;;;1
';GRAJEAS DECHOCOLATE;MAGUISITA;CHOCOLATE;24 g;TIGRE;1;20;20;;;;;1
';GRAJEAS DECHOCOLATE;NEGRITA;CHOCOLATE;18 g;TROPICAL;1;30;25;;;;;1
';GRAJEAS DECHOCOLATE;PELADITA;CHOCOLATE;20 g;TROPICAL;1;30;25;;;;;1
';GRAJEAS DECHOCOLATE;TIGRE;CHOCOLATE;12 g;TIGRE;1;30;25;;;;;1
'7771802001597;INFUCIONES TE MATES;TE CEYLAN;TE NEGRO CON SABOR A CANELA;125 g;HANSA;1;100;;;;;;1
'7771802001603;INFUCIONES TE MATES;TE CEYLAN;TE NEGRO Y CLAVO DE OLOR;125 g;HANSA;1;100;;;;;;1
'7773004010049;INFUCIONES TE MATES;TE PARIS;CANELA;25 g;LIDER;1;20;50;;;;;1
'7773004010315;INFUCIONES TE MATES;TE PARIS;GRANDE CANELA Y CLAVO DE OLOR ;125 g;LIDER;1;100;10;;;;;1
'7773004010056;INFUCIONES TE MATES;TE PARIS;LIMON;25 g;LIDER;1;20;50;;;;;1
'7771802000071;INFUCIONES TE MATES;WINDSOR;MATE DECANIS;140 g;ALICORP;1;100;20;;;;;1
'7771802001078;INFUCIONES TE MATES;WINDSOR;TE CON CANELA;221 g;ALICORP;1;130;20;;;;;1
'7771802000095;INFUCIONES TE MATES;WINDSOR;MATE DE MANZANILLA;90 g;ALICORP;1;100;20;;;;;1
'7771802000378;INFUCIONES TE MATES;WINDSOR;MATE DE COCA MANZANILLA TRIMATE ANIS;115 g;ALICORP;1;100;20;;;;;1
'7771802000101;INFUCIONES TE MATES;WINDSOR;MATE DE TRIMATE;140 g;ALICORP;1;100;20;;;;;1
'7774904403214;JABON;JABONCILLO CARISSA;ALOE VERA;125 g;;1;;;;;;;1
'7774904403221;JABON;JABONCILLO CARISSA;AVENA;125 g;;1;;;;;;;1
'7774904403238;JABON;JABONCILLO CARISSA;FLORAL;125 g;;1;;;;;;;1
'7775000012232;JABON;JABON LIQUIDO LIZ ANTIBACTERIAL BOTE;GLICERINA HUMECTANTE PARA MANOS Y CUERPO;360 ml;UNILEVER;1;24;;;;;;1
'7775000014953;JABON;JABON LIQUIDO LIZ ANTIBACTERIAL SACHET;GLICERINA HUMECTANTE PARA MANOS Y CUERPO;900 ml;UNILEVER;1;12;;;;;;1
'7775000012249;JABON;JABON LIQUIDO LIZ RELAJANTE BOTE;GLICERINA HUMECTANTE PARA MANOS Y CUERPO;360 ml;UNILEVER;1;24;;;;;;1
'8997220606933;JABON;JABONCILLO ROYAL NOVA;JABON DE TOCADOR GREEN APPLE;75 g;;1;;;;;;;1
'8997220606940;JABON;JABONCILLO ROYAL NOVA;JABON DE TOCADOR STRAWBERRY;75 g;;1;;;;;;;1
'7771214004766;JABON;JABON LIQUIDO SHABAY ANTIBACTERIAL PQ;PARA MANOS;370 ml;VENADO;1;24;;;;;;1
'7771214004971;JABON;JABON LIQUIDO SHABAY HUMECTANTE;PARA MANOS;1000 ml;VENADO;1;12;;;;;;1
'7771214004773;JABON;JABON LIQUIDO SHABAY HUMECTANTE PQ;PARA MANOS;370 ml;VENADO;1;24;;;;;;1
'7771214004742;JABON;JABON LIQUIDO SHABAY NIÑOS PQ;PARA MANOS;370 ml;VENADO;1;24;;;;;;1
'7771214004759;JABON;JABON LIQUIDO SHABAY NUTRITIVO PQ;PARA MANOS;370 ml;VENADO;1;24;;;;;;1
'7771214004940;JABON;JABON LIQUIDO SHABAY PARA NIÑOS;PARA MANOS;1000 ml;VENADO;1;12;;;;;;1
';JUGOS;JUGO ADES;DURAZNO CARTON;1 L;COCA COLA;1;6;;;;;;1
';JUGOS;JUGO ADES;DURAZNO CARTON;200 ml;COCA COLA;1;6;4;;;;;1
'7771609002926;JUGOS;JUGO ADES;MANZANA CARTON;1 L;COCA COLA;1;6;;;;;;1
'7771609002919;JUGOS;JUGO ADES;MANZANA CARTON DE 200 MILI LITROS;200 ml;COCA COLA;1;6;4;;;;;1
'7771609001684;JUGOS;JUGO DEL VALLE;SABOR DURAZNO DE CARTON ESCOLAR;200 ml;COCA COLA;1;6;4;;;;;1
'7771609001691;JUGOS;JUGO DEL VALLE;SABOR MANZANA DE CARTON ESCOLAR;200 ml;COCA COLA;1;6;4;;;;;1
'7771609003077;JUGOS;JUGO DEL VALLE;SABOR MANZANA NO RETORNABLE;2 L;COCA COLA;1;6;;;;;;1
';JUGOS;TAMPICO;SABOR MANGO NO RETORNABLE;2,5 L;DELIZIA;1;6;;;;;;1
';JUGOS;TAMPICO;SABOR MANGO NO RETORNABLE;2 L;DELIZIA;1;6;;;;;;1
'7771224002202;JUGOS;TAMPICO;SABOR MANGO NO RETORNABLE;3 L;DELIZIA;1;6;;;;;;1
';JUGOS;TAMPICO;SABOR NARANAJA NO RETORNABLE;2,5  L;DELIZIA;1;6;;;;;;1
';JUGOS;TAMPICO;SABOR NARANAJA NO RETORNABLE;2 L;DELIZIA;1;6;;;;;;1
';JUGOS;TAMPICO;SABOR NARANAJA NO RETORNABLE;3 L;DELIZIA;1;6;;;;;;1
';JUGOS;TAMPICO;SABOR PLATANO CON PIÑA NO RETORNABLE;2,5 L;DELIZIA;1;6;;;;;;1
';JUGOS;TAMPICO;SABOR PLATANO CON PIÑA NO RETORNABLE;2 L;DELIZIA;1;6;;;;;;1
';JUGOS;TAMPICO;SABOR PLATANO CON PIÑA NO RETORNABLE;3 L;DELIZIA;1;6;;;;;;1
'7779604012193;JUGOS EN SACHETS;LIMONCITO;SABOR LIMON;90 ml;SOALPRO;1;20;;;;;;1
'7779604012759;JUGOS EN SACHETS;NARANJITO;SABOR NARANJA;90 ml;SOALPRO;1;20;;;;;;1
';JUGOS EN SACHETS;TORONJITO;SABOR TORONJA;90 ml;SOALPRO;1;20;;;;;;1
'7771224006507;LACTEOS;YOGURT BOTELLA YOGURT FAMILIAR;COCO;2 L;DELIZIA;1;6;;;;;;1
'7771224003896;LACTEOS;YOGURT BOTELLA YOGURT FAMILIAR;DURAZNO;2 L;DELIZIA;1;6;;;;;;1
'7771224006422;LACTEOS;YOGURT BOTELLA YOGURT FAMILIAR;FRUTILLA;2 L;DELIZIA;1;6;;;;;;1
'7771224003117;LACTEOS;YOGURT BOTELLA YOGURT FAMILIAR;MORA;2 L;DELIZIA;1;6;;;;;;1
'7771214004612;LAVAVAJILLAS;LAVAVAJILLA BRISTAR;LIMON;1050 ml;VENADO;1;6;;;;;;1
'7771214004726;LAVAVAJILLAS;LAVAVAJILLA BRISTAR;PQ LIMOCITRON;600 ml;VENADO;1;6;;;;;;1
'7779970830445;LAVAVAJILLAS;LAVAVAJILLA OLA;LIMON;1050 ml;UNILEVER;1;12;;;;;;1
'7778870830421;LAVAVAJILLAS;LAVAVAJILLA OLA;PQ LIMON;600 ml;UNILEVER;1;12;;;;;;1
'7779970830469;LAVAVAJILLAS;LAVAVAJILLA OLA;BIDON LIMON ;5000 ml;UNILEVER;1;;;;;;;1
';LAVAVAJILLAS;LAVAVAJILLA OLA;SACHET LIMON;1000 ml;UNILEVER;1;12;;;;;;1
'7774904401739;LAVAVAJILLAS;LAVAVAJILLA TODO BRILLO;LIMON;950 ml;LURI;1;12;;;;;;1
'8716200458719;LECHE CONDENSADA;LECHE CONDENSADA BELLA HOLANDESA;;397 g;MINIOL;1;;;;;;;1
'7779604010373;LECHE DE SOYA;LECHE DE SOYA VIDA SANA;SABOR BANANA;1 L;SOALPRO;1;20;;;;;;1
'7779604010236;LECHE DE SOYA;LECHE DE SOYA VIDA SANA;SABOR CHOCOLATE;1 L;SOALPRO;1;20;;;;;;1
'7779604010243;LECHE DE SOYA;LECHE DE SOYA VIDA SANA;SABOR FRUTILLA;1 L;SOALPRO;1;20;;;;;;1
'7779604012216;LECHE DESLACTOSADA;LECHE KREAM;DESLACTOSADA ;800 ml;SOALPRO;1;20;;;;;;1
';LECHE DESLACTOSADA;LECHE PIL;DESLACTOSADA;800 ml;PIL;1;20;;;;;;1
'7772905004098;LECHE EN POLVO;LECHE EN POLVO INSTANTANEA PIL;GRANDE;760 g;PIL;1;20;;;;;;1
'7772905004621;LECHE EN POLVO;LECHE EN POLVO INSTANTANEA PIL;MEDIANA;370 g;PIL;1;;;;;;;1
'7772905002412;LECHE EN POLVO;LECHE EN POLVO INSTANTANEA PIL;PEQUENIA;120 g;PIL;1;;;;;;;1
'7771259752530;LECHE EN POLVO;LECHE EN POLVO INSTANTANEA PIL;DOYPACK;2200 g;PIL;1;6;;;;;;1
'7771259757436;LECHE EN POLVO;LECHE EN POLVO INSTANTANEO BONLE;GRANDE;2000 g;GLORIA;1;6;;;;;;1
'7501058649126;LECHE EN POLVO;LECHE EN POLVO NIDO CRECIMIENTO;BOLSA;800 g;NESTLE;1;;;;;;;1
'7506475117302;LECHE EN POLVO;LECHE EN POLVO NIDO CRECIMIENTO;BOLSA DOYPACK;2000 g;NESTLE;1;6;;;;;;1
';LECHE EN POLVO;LECHE EN POLVO NIDO CRECIMIENTO; LATA;760 g;NESTLE;1;;;;;;;1
'7779604010199;LECHE ENTERA;LECHE KREAM;ENTERA;946 ml;SOALPRO;1;20;;;;;;1
'7772905000777;LECHE ENTERA;LECHE PIL;ENTERA NATURAL;946 ml;PIL;1;20;;;;;;1
'7771259754336;LECHE EVAPORADA;LECHE BONLE;EVAPORADA ;400 g;GLORIA;1;24;;;;;;1
'7751271776479;LECHE EVAPORADA;LECHE PIL;EVAPORADA;400 g;PIL;1;24;;;;;;1
'7771259756392;LECHE SABORIZADA;CHICOLAC;LECHE DE CHOCOLATE;120 ml;PIL;1;;;;;;;1
'7779604013060;LECHE SABORIZADA;KREAM;LECHE CHOCOLATADA;120 ml;SOALPRO;1;22;;;;;;1
'7779604010366;LECHE SABORIZADA;KREAM;LECHE CON AVENA;120 ml;SOALPRO;1;22;;;;;;1
'7779604010403;LECHE SABORIZADA;KREAM;FRUTILLA;120 ml;SOALPRO;1;22;;;;;;1
';LECHE SABORIZADA;VAQUITA;AVENA;120 ml;DELIZIA;1;11;;;;;;1
'7771224002059;LECHE SABORIZADA;VAQUITA;CHOCOLATE;120 ml;DELIZIA;1;11;;;;;;1
';LECHE SABORIZADA;VAQUITA;FRUTILLA;120 ml;DELIZIA;1;11;;;;;;1
';LECHE SABORIZADA;VAQUITA;MORA;120 ml;DELIZIA;1;11;;;;;;1
';LECHE SABORIZADA;VAQUITA;PLATANO;120 ml;DELIZIA;1;11;;;;;;1
'7775000006316;LIMPIEZA COCINA;LUSTRAMUEBLES OLA BRILLANTE;PARA MUEBLES;830 ml;UNILEVER;1;12;;;;;;1
'7775000006217;LIMPIEZA COCINA;LIMPIA HORNOS OLA MAXIMUS;LIMPIA HORNOS;830 ml;UNILEVER;1;12;;;;;;1
'7775000006170;LIMPIEZA COCINA;LIMPIA VIDRIOS OLA MAXIMUS;LIMPIA VIDRIOS MULTIUSO;900 ml;UNILEVER;1;12;;;;;;1
'7774904403900;LIMPIEZA COCINA;SACA GRASA TODO BRILLO;ESPUMA ACTIVA;830 ml;LURI;1;12;;;;;;1
'7772905000029;MANJARES;DULCE DE LECHE;DULCE DE LECHE;250 g;PIL;1;12;;;;;;1
'7773103000163;MANTEQUILLA;MARGARINA REGIA;CON LECHE;210 g;;1;24;;;;;;1
'7773103001177;MANTEQUILLA;MARGARINA REGIA;CON LECHE;410 g;;1;24;;;;;;1
'7773103000194;MANTEQUILLA;MARGARINA REGIA;CON LECHE;820 g;;1;12;;;;;;1
';MASMELOS;DELI MASMELOS;SABOR A FRUTILLA;25 g;KEY BELS;1;40;;;;;;1
'6954302976201;MASMELOS;MASMELO FURIOSO DELICIOSO;FRESA MANZANA UVA Y NARANJA;10 g;SODOMIN;1;60;;;;;;1
'6941654188157;MASMELOS;MARSHMALLOW;FRESA MANZANA UVA Y NARANJA;11 g;SODOMIN;1;60;;;;;;1
';MASMELOS;MASMELO MEGA JUMBO;SABOR A FRUTILLA;250 g;KEY BELS;1;30;;;;;;1
';MASMELOS;MASMELO SUPER RICO;SABOR A FRUTILLA;150 g;KEY BELS;1;25;;;;;;1
';PAÑALES;PAÑAL BABY ÑOÑO; ROSADO SUPER EXTRA EXTRA GRANDE;XXG;SURCO Y SURCO;1;40;6;;;;;1
'6972329474517;PAÑALES;PAÑAL BABY ÑOÑO;ROSADO MEDIANO ;M;SURCO Y SURCO;1;44;6;;;;;1
'6972329472087;PAÑALES;PAÑAL BABY ÑOÑO;ROSADO PEQUEÑO ;P;SURCO Y SURCO;1;48;6;;;;;1
';PAÑALES;PAÑAL BABY ÑOÑO;ROSADO RECIEN NACIDO ;RN;SURCO Y SURCO;1;22;12;;;;;1
'6972329473367;PAÑALES;PAÑAL BABY ÑOÑO;ROSADO SUPER EXTRA EXTRA EXTRA GRANDE ROSADO;XXXG;SURCO Y SURCO;1;40;6;;;;;1
';PAÑALES;PAÑAL BABY ÑOÑO;ROSADO SUPER EXTRA GRANDE ;XG;SURCO Y SURCO;1;40;6;;;;;1
'6972329471226;PAÑALES;PAÑAL BABY ÑOÑO;ROSADO SUPER GRANDE ;G;SURCO Y SURCO;1;40;6;;;;;1
';PAÑALES;PAÑAL BABY ÑOÑO;VERDE MEDIANO ;M;SURCO Y SURCO;1;44;6;;;;;1
';PAÑALES;PAÑAL BABY ÑOÑO;VERDE PEQUEÑO ;P;SURCO Y SURCO;1;48;6;;;;;1
'6972329471196;PAÑALES;PAÑAL BABY ÑOÑO;VERDE SUPER EXTRA EXTRA EXTRA GRANDE ;XG;SURCO Y SURCO;1;40;6;;;;;1
'6972329471202;PAÑALES;PAÑAL BABY ÑOÑO;VERDE SUPER EXTRA EXTRA EXTRA GRANDE ;XXG;SURCO Y SURCO;1;40;6;;;;;1
'6972729473350;PAÑALES;PAÑAL BABY ÑOÑO;VERDE SUPER EXTRA EXTRA EXTRA GRANDE ;XXXG;SURCO Y SURCO;1;40;6;;;;;1
'6921603286032;PAÑALES;PAÑAL BABY ÑOÑO;VERDE SUPER GRANDE ;G;SURCO Y SURCO;1;40;6;;;;;1
';PAÑALES;PAÑAL BB BONITO;EXTRA EXTRA EXTRA GRANDE;XXXG;;1;;;;;;;1
';PAÑALES;PAÑAL BB BONITO;EXTRA EXTRA GRANDE;XXG;;1;;;;;;;1
'6972329472124;PAÑALES;PAÑAL BB BONITO;EXTRA GRANDE;XG;;1;40;;;;;;1
';PAÑALES;PAÑAL BB BONITO;GRANDE;G;;1;;;;;;;1
';PAÑALES;PAÑAL BB BONITO;MEDIANO;M;;1;;;;;;;1
';PAÑALES;PAÑAL BB BONITO;PEQUEÑO;P ;;1;;;;;;;1
';PAÑALES;PAÑAL BB DE ORO;EXTRA EXTRA EXTRA GRANDE;XXXG;;1;;;;;;;1
'6931149444131;PAÑALES;PAÑAL BB DE ORO;EXTRA EXTRA GRANDE;XXG;;1;20;;;;;;1
';PAÑALES;PAÑAL BB DE ORO;EXTRA GRANDE;XG;;1;;;;;;;1
'6931149444117;PAÑALES;PAÑAL BB DE ORO;GRANDE;G;;1;20;;;;;;1
';PAÑALES;PAÑAL BB DE ORO;MEDIANO;M;;1;;;;;;;1
';PAÑALES;PAÑAL BB DE ORO;PEQUEÑO;P ;;1;;;;;;;1
';PAÑALES;PAÑAL BEBIÑO;EXTRA EXTRA EXTRA GRANDE;XXXG;;1;;;;;;;1
'6931149446524;PAÑALES;PAÑAL BEBIÑO;EXTRA EXTRA GRANDE;XXG;;1;40;;;;;;1
';PAÑALES;PAÑAL BEBIÑO;EXTRA GRANDE;XG;;1;;;;;;;1
';PAÑALES;PAÑAL CARIÑOSITOS;EXTRA EXTRA EXTRA GRANDE;XXXG;;1;;;;;;;1
';PAÑALES;PAÑAL CARIÑOSITOS;EXTRA EXTRA GRANDE;XXG;;1;;;;;;;1
';PAÑALES;PAÑAL CARIÑOSITOS;EXTRA GRANDE;XG;;1;;;;;;;1
';PAÑALES;PAÑAL CARIÑOSITOS;GRANDE;G;;1;;;;;;;1
';PAÑALES;PAÑAL CARIÑOSITOS;MEDIANO;M;;1;;;;;;;1
';PAÑALES;PAÑAL CARIÑOSITOS;PEQUEÑO;P ;;1;;;;;;;1
';PAÑALES;PAÑAL CARIÑOSITOS;RESIEN NACIDOS;RN;;1;;;;;;;1
'7751493010689;PAÑALES;PAÑAL HUGGIES;EXTRA EXTRA EXTRA GRANDE;XXXG;;1;36;;;;;;1
';PAÑALES;PAÑAL HUGGIES;EXTRA EXTRA GRANDE;XXG;;1;;;;;;;1
';PAÑALES;PAÑAL HUGGIES;EXTRA GRANDE;XG;;1;;;;;;;1
';PAÑALES;PAÑAL HUGGIES;GRANDE;G;;1;;;;;;;1
'7751493008433;PAÑALES;PAÑAL HUGGIES;MEDIANO;M;;1;56;;;;;;1
';PAÑALES;PAÑAL HUGGIES;PEQUEÑO;P ;;1;;;;;;;1
';PAÑALES;PAÑAL HUGGIES;RESIEN NACIDOS;RN;;1;;;;;;;1
'6972329479536;PAÑITOS;PAÑITO HUMEDO BABY ÑOÑO;BABY WIPES DESECHABLE ;120 u;;1;;;;;;;1
'6931149488890;PAÑITOS;PAÑITO HUMEDO BABY ÑOÑO;BABY WIPES DESECHABLE ;50 u;;1;;;;;;;1
'7775022070227;PAÑITOS;PAÑITO HUMEDO CARIÑOSITOS;DESECHABLE;50 u;;1;;;;;;;1
';PAPEL HIGIENICO;PAPEL HIGIENICO EXCELSIOR;PAPEL DOBLE HOJA;20 r;COPELME;1;20;;;;;;1
';PAPEL HIGIENICO;PAPEL HIGIENICO NACIONAL;CLASICA PAPEL DOBLE HOJA ;12 r;VINTO;1;12;;;;;;1
'7776507001149;PAPEL HIGIENICO;PAPEL HIGIENICO NACIONAL;CLASICA X12 PAPEL DOBLE HOJA ;24 r;COPELME;1;12;2;;;;;1
'7776507001187;PAPEL HIGIENICO;PAPEL HIGIENICO NACIONAL;CLASICA X6 PAPEL DOBLE HOJA ;48 r;COPELME;1;6;8;;;;;1
';PAPEL HIGIENICO;PAPEL HIGIENICO NACIONAL;PAPEL HIGIENICO MEGA ROOLO 2en1;12 r;COPELME;1;12;;;;;;1
'7776507001750;PAPEL HIGIENICO;PAPEL HIGIENICO NACIONAL;BALANCE X6 PAPEL HIGIENICO VERDE;48 r;COPELME;1;6;8;;;;;1
'7776570150270;PAPEL HIGIENICO;PAPEL HIGIENICO PERLITA;ECO 2X10 PAPEL DOBLE HOJA;20 r;VINTO;1;2;10;;;;;1
'7776570150317;PAPEL HIGIENICO;PAPEL HIGIENICO PERLITA;ECO 4X10 PAPEL DOBLE HOJA;40 r;VINTO;1;4;10;;;;;1
';PAPEL HIGIENICO;PAPEL HIGIENICO PERLITA;EXTRA 2X10 PAPEL DOBLE HOJA;20 r;VINTO;1;2;10;;;;;1
';PAPEL HIGIENICO;PAPEL HIGIENICO PERLITA;MEGA X12 PAPEL DOBLE HOJA;12 r;VINTO;1;12;4;;;;;1
'7776570150478;PAPEL HIGIENICO;PAPEL HIGIENICO PERLITA;MEGA X6 PAPEL DOBLE HOJA;6 r;VINTO;1;6;8;;;;;1
'7776570150508;PAPEL HIGIENICO;PAPEL HIGIENICO PERLITA;MEGASOFT X12 PAPEL DOBLE HOJA;12 r;VINTO;1;12;4;;;;;1
';PAPEL HIGIENICO;PAPEL HIGIENICO PERLITA;MEGASOFT X6 PAPEL DOBLE HOJA;6 r;VINTO;1;6;8;;;;;1
'7776570150577;PAPEL HIGIENICO;PAPEL HIGIENICO PERLITA;PLUS X12 PAPEL DOBLE HOJA;12 r;VINTO;1;12;4;;;;;1
'7776507001804;PAPEL HIGIENICO;PAPEL HIGIENICO PERLITA;PLUS X6 PAPEL DOBLE HOJA;6 r;VINTO;1;6;8;;;;;1
';PAPEL HIGIENICO;PAPEL HIGIENICO SUPER;ECONOMICO PAPEL HIGIENICO;20 r;COPELME;1;20;;;;;;1
';PAPEL HIGIENICO;PAPEL HIGIENICO SUPER;JUNIOR PAPEL HIGIENICO ECOLOGICO;20 r;COPELME;1;20;;;;;;1
'7805000311346;PASTA DENTAL;PEPSODENT;PASTA DENTAL GRANDE ;130 g;;1;;;;;;;1
'7896451902894;PASTILLAS MENTOS;MINTY;CEREZA;17 g;SODOMIN;1;40;;;;;;1
'7896451902863;PASTILLAS MENTOS;MINTY;EXTRA FUERTE;17 g;SODOMIN;1;40;;;;;;1
'7896451907196;PASTILLAS MENTOS;MINTY;EXTRA FUERTE;29 g;SODOMIN;1;16;;;;;;1
'7896451908384;PASTILLAS MENTOS;MINTY;FRUTALES;17 g;SODOMIN;1;40;;;;;;1
'7896451907677;PASTILLAS MENTOS;MINTY;FRUTALES;29 g;SODOMIN;1;16;;;;;;1
'7896451902887;PASTILLAS MENTOS;MINTY;FRUTILLA;17 g;SODOMIN;1;40;;;;;;1
'7896451907202;PASTILLAS MENTOS;MINTY;STRAWBERRY;29 g;SODOMIN;1;16;;;;;;1
';PIPOCAS;ARLEQUIN;FRUTAS; 30 g;PIPO SAL;1;20;5;;;;;1
';PIPOCAS;BANANAS;BANANA;23 g;LA ESTRELLA;1;20;5;;;;;1
';PIPOCAS;PIPOCA CLAC;CARAMELIZADO;25 g;PIPO SAL;1;20;5;;;;;1
';PIPOCAS;COME COME;FRUTAS;30 g;LA ESTRELLA;1;20;5;;;;;1
';PIPOCAS;ESTRELLITAS ACIDAS FAMILIAR;FRUTAS;180 g;LA ESTRELLA;1;5;;;;;;1
';PIPOCAS;PI PO CAS;MANTEQUILLA;20 g;LA ESTRELLA;1;20;5;;;;;1
';PIPOCAS;PI PO CAS;MAIZ CON CHOCOLATE;23 g;LA ESTRELLA;1;20;5;;;;;1
';PIPOCAS;PI PO CAS;MAIZ CON CHOCOLATE FAMILIAR;90 g;LA ESTRELLA;1;5;;;;;;1
'7771701002558;PIPOCAS;PI PO CAS;MANTEQUILLA FAMILIAR;190 g;LA ESTRELLA;1;5;;;;;;1
';PIPOCAS;PIPO SAL;MANTEQUILLA;25 g;PIPO SAL;1;20;5;;;;;1
';PIPOCAS;PIPO SAL;MANTEQUILLA FAMILIAR;170 g;PIPO SAL;1;5;;;;;;1
';PIPOCAS;PIPOCA LUCANA;SALADA;16 g;LUCANA;1;50;;;;;;1
';PIPOCAS;PIPOCA LUCANA;SALADA FAMILIAR;100 g;LUCANA;1;20;;;;;;1
';PIPOCAS;POP CHOC;CHOCOLATE;25 g;PIPO SAL;1;20;5;;;;;1
'7771258280072;PIPOCAS;POP PIPOCA;MANTEQUILLA;25 g;FRUTILLITA;1;50;;;;;;1
'7771258280140;PIPOCAS;POP PIPOCA;MANTEQUILLA FAMILIAR;90 g;FRUTILLITA;1;15;;;;;;1
';PIPOCAS BANANITO;TROPI BANANOS;BANANA;30 g;PIPO SAL;1;20;5;;;;;1
';PIPOCAS CHISITO;CHEESE TWIST;PALITOS DE MAIZ SABOR QUESO;30 g;PIPO SAL;1;20;5;;;;;1
';PIPOCAS CHISITO;CHIZITOS;PEQUEÑO;23 g;LA ESTRELLA;1;20;5;;;;;1
';PIPOCAS CHISITO;CHIZITOS;FAMILIAR;190 g;LA ESTRELLA;1;5;;;;;;1
';PIPOCAS CHISITO;CHIZITOS;PEQUEÑO PICANTE;23 g;LA ESTRELLA;1;20;5;;;;;1
';PIPOCAS CHISITO;TRON CHEESE;QUESO;30 g;EVERFOOD SNACKS;1;10;10;;;;;1
';PIPOCAS CHISITO;TRON CHEESE;QUESO FAMILIAR;160 g;EVERFOOD SNACKS;1;15;;;;;;1
'7750885021128;QUEQUES;CHOCMAN;RELLENA DE MANJAR Y COBERTURA DE CHOCOLATE;28 g;PROESA;1;60;;;;;;1
'7771214002564;SALSAS;KETCHUP KRIS;SACHET MEDIANO;200 g;VENADO;1;24;;;;;;1
'7771214001383;SALSAS;KETCHUP KRIS;SACHET PEQUEÑO;47 g;VENADO;1;25;;;;;;1
'7771214002571;SALSAS;MAYONESA KRIS;SACHET MEDIANO;225 g;VENADO;1;24;;;;;;1
'7771214001109;SALSAS;MAYONESA KRIS;SACHET PEQUEÑO;47 g;VENADO;1;25;;;;;;1
'7771214005244;SALSAS;MAYONESA KRIS;PICANTE SACHET PEQUEÑO;47 g;VENADO;1;25;;;;;;1
'7771214002588;SALSAS;MOSTAZA KRIS SACHET MEDIANO;SACHET MEDIANO;200 g;VENADO;1;24;;;;;;1
'7771214001390;SALSAS;MOSTAZA KRIS SACHET PEQUEÑO;SACHET PEQUEÑO;47 g;VENADO;1;25;;;;;;1
'7770016810025;SALSAS;SALSA SOYA CHAWEI;MEDIANA;500 g;;1;24;;;;;;1
'7770016810032;SALSAS;SALSA SOYA CHAWEI; PEQUEÑA;250 ml;;1;;;;;;;1
';SHAMPOO;SHAMPOO BALLERINA;ALOE VERA;750 ml;PROESA;1;12;;;;;;1
';SHAMPOO;SHAMPOO BALLERINA;BEBE;750 ml;PROESA;1;12;;;;;;1
'7804920003201;SHAMPOO;SHAMPOO BALLERINA;GRANADA;750 ml;PROESA;1;12;;;;;;1
';SHAMPOO;SHAMPOO BALLERINA;MANZANILLA;750 ml;PROESA;1;12;;;;;;1
'7804920003225;SHAMPOO;SHAMPOO BALLERINA;PALTA;750 ml;PROESA;1;12;;;;;;1
'7774904380294;SHAMPOO;SHAMPOO CARISSA; ANTICAIDA;800 ml;LURI;1;12;;;;;;1
'7774904380010;SHAMPOO;SHAMPOO CARISSA;ALOE VERA;125 g;LURI;1;12;;;;;;1
'7779970677996;SHAMPOO;SHAMPOO SEDAL AZUL BOLSA TAPA;ZERO CASPA;850 ml;UNILEVER;1;12;;;;;;1
'7506306222021;SHAMPOO;SHAMPOO SEDAL BOTELLA;CONTROL CASPA ALOE VERA;650 ml;UNILEVER;1;12;;;;;;1
';SNACKS;BACON;FAMILIAR;185 g;EVERFOOD SNACKS;1;15;;;;;;1
';SNACKS;BACON;FAMILIAR PICANTE;185 g;EVERFOOD SNACKS;1;15;;;;;;1
';SNACKS;BACON;TIRA;24 g ;EVERFOOD SNACKS;1;10;10;;;;;1
';SNACKS;BACON;TIRA PICANTE;24 g ;EVERFOOD SNACKS;1;10;10;;;;;1
';SNACKS CHICHARRON;MIX SNACKS CROCANTES;PALITOS FRITOS DE HARINA DE TRIGO;20 g;FRUTILLITA;1;10;10;;;;;1
';SNACKS CHICHARRON;MIX SNACKS CROCANTES FAMILIAR;PALITOS FRITOS DE HARINA DE TRIGO;200 g;FRUTILLITA;1;10;;;;;;1
';SNACKS CHICHARRON;RICORRONES;LONJITAS DE PIEL DE CERDO;15 g;EVERFOOD SNACKS;1;10;10;;;;;1
';SNACKS NACHOS;KE PADRE;NACHOS;35 g;EVERFOOD SNACKS;1;10;10;;;;;1
'7770016890065;SNACKS NACHOS;NACHOS DE MAIZ;CON PICANTE;35 g;ORGANICA DEL SUR;1;50;;;;;;1
'7770016890072;SNACKS NACHOS;NACHOS DE MAIZ;SIN PICANTE;35 g;ORGANICA DEL SUR;1;50;;;;;;1
'7770016892007;SNACKS PAPAS;BOLIVAR;CLASICO;20 g;ORGANICA DEL SUR;1;12;4;;;;;1
'7770016892021;SNACKS PAPAS;BOLIVAR;CLASICO FAMILIAR;200 g;ORGANICA DEL SUR;1;30;;;;;;1
'7758574005558;SNACKS PAPAS;LAYS;CLASICO;170 g;CRUCIMEX;1;20;;;;;;1
'7770016892199;SNACKS PAPAS;PAPAS GOURMET;CHURRASCO;26 g;ORGANICA DEL SUR;1;10;3;;;;;1
';SNACKS PAPAS;PAPAS GOURMET;HAMBURGUESA;26 g;ORGANICA DEL SUR;1;10;3;;;;;1
'7770016892670;SNACKS PAPAS;SABROSITAS SNACKS;CON PICANTE;20 g;ORGANICA DEL SUR;1;50;;;;;;1
'7770016891901;SNACKS PAPAS;SABROSITAS SNACKS;SIN PICANTE;20 g;ORGANICA DEL SUR;1;50;;;;;;1
'7770016892700;SNACKS PAPAS;SABROSITAS SNACKS FAMILIAR;CON PICANTE;200 g;ORGANICA DEL SUR;1;30;;;;;;1
'7770016892441;SNACKS PAPAS;SABROSITAS SNACKS FAMILIAR;SIN PICANTE;200 g;ORGANICA DEL SUR;1;30;;;;;;1
';TOALLA HIGIENICA;KOTEX;NORMAL EXTREMA PROTECCION;;;1;6;8;;;;;1
'7702027041622;TOALLA HIGIENICA;NOSOTRAS;INVISBLE CLASICA;;;1;24;;;;;;1
'7702027416330;TOALLA HIGIENICA;NOSOTRAS;INVISBLE RAPIGEL;;;1;24;;;;;;1
'7702026180812;TOALLA HIGIENICA;NOSOTRAS;PROTECCION ANTIBACTERIAL;;;1;24;;;;;;1
'7771224009812;YOGURTS;YOGURT CHIQUI DRINK;FRUTILLA;100 ml;DELIZIA;1;11;;;;;;1
'7779604010847;YOGURTS;YOGURT BOTELLA KREAM;BERRIES;2 L;SOALPRO;1;6;;;;;;1
'7779604010434;YOGURTS;YOGURT BOTELLA KREAM;CHIRIMOYA;2 L;SOALPRO;1;6;;;;;;1
'7779604010441;YOGURTS;YOGURT BOTELLA KREAM;COCO;2 L;SOALPRO;1;6;;;;;;1
'7779604010427;YOGURTS;YOGURT BOTELLA KREAM;DURAZNO;2 L;SOALPRO;1;6;;;;;;1
'7779604010410;YOGURTS;YOGURT BOTELLA KREAM;FRUTILLA;2 L;SOALPRO;1;6;;;;;;1
'7779604012681;YOGURTS;YOGU STARS;CHICLE;60 ml;SOALPRO;1;20;;;;;;1
';YOGURTS;YOGU STARS;CHIRIMOYA;60 ml;SOALPRO;1;20;;;;;;1
'7779604012667;YOGURTS;YOGU STARS;FRUTILLA;60 ml;SOALPRO;1;20;;;;;;1
'7779604012889;YOGURTS;YOGU STARS;PINIA;60 ml;SOALPRO;1;20;;;;;;1
'7779604012674;YOGURTS;YOGU STARS;UVA Y MORA;60 ml;SOALPRO;1;20;;;;;;1
';YOGURTS;YOGURELLO ESCOLAR;BLUEBERRY;95 ml;PIL;1;;;;;;;1
';YOGURTS;YOGURELLO ESCOLAR;CHICLE;95 ml;PIL;1;;;;;;;1
'7771259755722;YOGURTS;YOGURELLO ESCOLAR;FRUTILLA;95 ml;PIL;1;;;;;;;1
';YOGURTS;YOGURT BATIDO FRUTADO;EN VASO;90 g;PIL;1;;;;;;;1
