codigo de barras;categoria;nombre completo;sabor o descripcion;peso tamanio;fabrica;unidad;caja;caja2;nombre unidad;nombre caja;nombre caja2;default
'7773401007018;GALLETAS WAFER;WAFER MABELS;LIMON;42 g;FAGAL;1;30;;;;;
'7773401006997;GALLETAS WAFER;WAFER MABELS;VAINILLA;42 g;FAGAL;1;30;;;;;
'7772619003026;GALLETAS WAFER;WAFS;CHOCOLATE;30 g;LA SUPREMA;1;30;;;;;
'7772619004030;GALLETAS WAFER;WAFS;CHOCOLATE;100 g;LA SUPREMA;1;30;;;;;
'7772619003286;GALLETAS WAFER;WAFS;FRUTILLA;30 g;LA SUPREMA;1;30;;;;;
';GALLETAS WAFER;WAFS;FRUTILLA;100 g;LA SUPREMA;1;30;;;;;
';GALLETAS WAFER;WAFS;LIMON;100 g;LA SUPREMA;1;30;;;;;
'7772619003019;GALLETAS WAFER;WAFS;LINOM;30 g;LA SUPREMA;1;30;;;;;
';GALLETAS WAFER;WAFS;VAINILLA;30 g;LA SUPREMA;1;30;;;;;
'7772619004078;GALLETAS WAFER;WAFS;VAINILLA;100 g;LA SUPREMA;1;30;;;;;
';GALLETAS WAFER;WAFY;CHOCOLATE;20 g;CARSA;1;60;;;;;
';GASEOSAS;FANTA;GUARANA NO RETORNABLE;3 L;COCA COLA;1;6;;;;;
';GASEOSAS;FANTA;GUARANA NO RETORNABLE;2,5 L;COCA COLA;1;6;;;;;
';GASEOSAS;FANTA;GUARANA NO RETORNABLE;2 L;COCA COLA;1;6;;;;;
'7771609000205;GASEOSAS;COCA COLA;NO RETORNABLE;2,5 L;COCA COLA;1;6;;;;;
'77716088;GASEOSAS;COCA COLA;NO RETORNABLE;2 L;COCA COLA;1;6;;;;;
';GASEOSAS;COCA COLA;NO RETORNABLE;300 ml;COCA COLA;1;6;;;;;
'7771609000960;GASEOSAS;COCA COLA;NO RETORNABLE;3 L;COCA COLA;1;6;;;;;
'77716064;GASEOSAS;COCA COLA;NO RETORNABLE;500 ml;COCA COLA;1;6;;;;;
'7771609003091;GASEOSAS;COCA COLA;RETORNABLE PET;2,5 L;COCA COLA;1;6;;;;;
'7771605000094;GASEOSAS;COCA COLA;RETORNABLE PET;2 L;COCA COLA;1;6;;;;;
'7771609000182;GASEOSAS;COCA COLA;RETORNABLE VIDRIO;1,5 L;COCA COLA;1;6;;;;;
';GASEOSAS;COCA COLA;PERSONAL RETORNABLE VIDRIO;190 ml;COCA COLA;1;24;;;;;
';GASEOSAS;COKA QUINA;NO RETORNABLE;1 L;CASCADA;1;6;;;;;
';GASEOSAS;COKA QUINA;NO RETORNABLE;2 L;CASCADA;1;6;;;;;
';GASEOSAS;COKA QUINA;NO RETORNABLE;300 ml;CASCADA;1;6;;;;;
';GASEOSAS;COKA QUINA;NO RETORNABLE;3 L;CASCADA;1;6;;;;;
';GASEOSAS;COKA QUINA;NO RETORNABLE;500 ml;CASCADA;1;6;;;;;
';GASEOSAS;FANTA;GUARANA NO RETORNABLE;300 ml;COCA COLA;1;6;;;;;
';GASEOSAS;FANTA;GUARANA NO RETORNABLE;500 ml;COCA COLA;1;6;;;;;
';GASEOSAS;FANTA;GUARANA RETORNABLE PET;2,5 L;COCA COLA;1;6;;;;;
';GASEOSAS;FANTA;GUARANA RETORNABLE PET;2 L;COCA COLA;1;6;;;;;
';GASEOSAS;FANTA;GUARANA RETORNABLE VIDRIO;1,5 L;COCA COLA;1;6;;;;;
';GASEOSAS;FANTA;GUARANA PERSONAL RETORNABLE VIDRIO;190 ml;COCA COLA;1;24;;;;;
';GASEOSAS;FANTA;MANDARINA NO RETORNABLE;3 L;COCA COLA;1;6;;;;;
';GASEOSAS;FANTA;MANDARINA NO RETORNABLE;2,5 L;COCA COLA;1;6;;;;;
';GASEOSAS;FANTA;MANDARINA NO RETORNABLE;2 L;COCA COLA;1;6;;;;;
';GASEOSAS;FANTA;MANDARINA NO RETORNABLE;300 ml;COCA COLA;1;6;;;;;
';GASEOSAS;FANTA;MANDARINA NO RETORNABLE;500 ml;COCA COLA;1;6;;;;;
';GASEOSAS;FANTA;MANDARINA RETORNABLE PET;2,5 L;COCA COLA;1;6;;;;;
';GASEOSAS;FANTA;MANDARINA RETORNABLE PET;2 L;COCA COLA;1;6;;;;;
';GASEOSAS;FANTA;MANDARINA RETORNABLE VIDRIO;1,5 L;COCA COLA;1;6;;;;;
';GASEOSAS;FANTA;MANDARINA PERSONAL RETORNABLE VIDRIO;190 ml;COCA COLA;1;24;;;;;
';GASEOSAS;FANTA;NARANJA NO RETORNABLE;3 L;COCA COLA;1;6;;;;;
';GASEOSAS;FANTA;NARANJA NO RETORNABLE;2,5 L;COCA COLA;1;6;;;;;
';GASEOSAS;FANTA;NARANJA NO RETORNABLE;2 L;COCA COLA;1;6;;;;;
';GASEOSAS;FANTA;NARANJA NO RETORNABLE;300 ml;COCA COLA;1;6;;;;;
';GASEOSAS;FANTA;NARANJA NO RETORNABLE;500 ml;COCA COLA;1;6;;;;;
';GASEOSAS;FANTA;RETORNABLE PET ;2,5 L;COCA COLA;1;6;;;;;
';GASEOSAS;FANTA;RETORNABLE PET ;2 L;COCA COLA;1;6;;;;;
'7771609004609;GASEOSAS;FANTA;NARANJA RETORNABLE VIDRIO;1,5 L;COCA COLA;1;6;;;;;
';GASEOSAS;FANTA;NARANJA PERSONAL RETORNABLE VIDRIO;190 ml;COCA COLA;1;24;;;;;
';GASEOSAS;SALVIETTI;NO RETORNABLE;1 L;SALVIETTI;1;6;;;;;
';GASEOSAS;SALVIETTI;NO RETORNABLE;2 L;SALVIETTI;1;6;;;;;
';GASEOSAS;SALVIETTI;NO RETORNABLE;300 ml;SALVIETTI;1;6;;;;;
'7772115390798;GASEOSAS;SALVIETTI;NO RETORNABLE;3 L;SALVIETTI;1;6;;;;;
';GASEOSAS;SALVIETTI;NO RETORNABLE;500 ml;SALVIETTI;1;6;;;;;
';GASEOSAS;SIMBA;SABOR DURASNO NO RETORNABLE;2 L;COCA COLA;1;6;;;;;
';GASEOSAS;SIMBA;SABOR MANZANA NO RETORNABLE;2 L;COCA COLA;1;6;;;;;
';GASEOSAS;SIMBA;SABOR PIÑA NO RETORNABLE;2 L;COCA COLA;1;6;;;;;
'7771605000759;GASEOSAS;SIMBA;SABOR POMELO NO RETORNABLE;2 L;COCA COLA;1;6;;;;;
';GASEOSAS;SPRITE;NO RETORNABLE;2500 ml;COCA COLA;1;6;;;;;
';GASEOSAS;SPRITE;NO RETORNABLE;2 L;COCA COLA;1;6;;;;;
';GASEOSAS;SPRITE;NO RETORNABLE;300 ml;COCA COLA;1;6;;;;;
';GASEOSAS;SPRITE;NO RETORNABLE;3000 ml;COCA COLA;1;6;;;;;
'777166071;GASEOSAS;SPRITE;NO RETORNABLE;500 ml;COCA COLA;1;6;;;;;
';GASEOSAS;SPRITE;RETORNABLE PET;2500 ml;COCA COLA;1;6;;;;;
';GASEOSAS;SPRITE;RETORNABLE PET;2 L;COCA COLA;1;6;;;;;
';GASEOSAS;SPRITE;RETORNABLE VIDRIO;1500 ml;COCA COLA;1;6;;;;;
';GASEOSAS;SPRITE;PERSONAL RETORNABLE VIDRIO;190 ml;COCA COLA;1;124;;;;;
'7802200135727;GOMITAS;AMBROSITO;FRUTALES;500 g;SODOMIN;1;20;6;;;;
'7802200135130;GOMITAS;FLIPY;GOMITAS DE GELATINA SABOR FRUTAL;500 g;SODOMIN;1;20;6;;;;
'7790580409258;GOMITAS;MOGUL OSITO;GOMITA DE SABORES;300 g;SODOMIN;1;12;;;;;
'7802200130753;GOMITAS;SANDIA;GOMITA DE GELATINA SABOR SANDIA;500 g;SODOMIN;1;20;6;;;;
'7702993048092;GOMITAS;TRULULU;AROS GOMITAS SABOR FRUTAL;80 g;MADISA;1;24;;;;;
'7702993051764;GOMITAS;TRULULU;BANANOS GOMITAS SABOR FRUTAL;70 g;MADISA;1;24;;;;;
'7702993051863;GOMITAS;TRULULU;CASQUITOS GOMITAS SABOR FRUTAL;70 g;MADISA;1;24;;;;;
'7702993048177;GOMITAS;TRULULU;DINOS GOMITAS SABOR FRUTAL;80 g;MADISA;1;24;;;;;
'7702993022870;GOMITAS;TRULULU;FEROZ GOMITAS SABOR FRUTAL;450 g;MADISA;1;25;;;;;
'7702993051740;GOMITAS;TRULULU;FEROZ MINI GOMITAS SABOR FRUTAL;70 g;MADISA;1;24;;;;;
'7702993043998;GOMITAS;TRULULU;FRUWI GOMITAS JUGOSAMENTE FRUTAL;50 g;MADISA;1;24;;;;;
'7702993051733;GOMITAS;TRULULU;GUSANOS GOMITAS SABOR ACIDO;70 g;MADISA;1;24;;;;;
'7702993049617;GOMITAS;TRULULU;MASMELOS CON RELLENO SABOR CEREZA;50 g;MADISA;1;24;;;;;
'7702993047422;GOMITAS;TRULULU;MINI AROS GOMITAS SABOR FRUTAL;40 g;MADISA;1;24;;;;;
'7702993042403;GOMITAS;TRULULU;MONSTRY GOMITAS SABOR FRUTAS;75 g;MADISA;1;24;;;;;
'7702174079419;GOMITAS;TRULULU;PLAY GOMITAS DE GELATINA FRUTAL;55 g;MADISA;1;24;;;;;
'7702993051887;GOMITAS;TRULULU;SPLASH GOMITA FRUTAL CON LIQUIDO;55 g;MADISA;1;24;;;;;
'7802225406161;GOMITAS ACIDAS;MOGUL XTREME;GOMITA DE SABORES ACIDOS;300 g;SODOMIN;1;12;;;;;
'7802200135703;GOMITAS DE FRUTAS;AMBERRIES;FRESA Y MORA;500 g;SODOMIN;1;20;6;;;;
';GRAJEAS DECHOCOLATE;ALECITA;CHOCOLATE;20 g;EDYMAR;1;20;20;;;;
';GRAJEAS DECHOCOLATE;CARLITA;CHOCOLATE;12 g;EDYMAR;1;30;25;;;;
';GRAJEAS DECHOCOLATE;CHEF RICO RICO SNACKS;CHOCOLATE;12 g;IMPRAL;1;30;20;;;;
';GRAJEAS DECHOCOLATE;FILIPITO;GRAJEAS DE CHOCOLATE;12 g;CEIBO;;;;;;;
';GRAJEAS DECHOCOLATE;GRAJEAS EN OJITOS;GRAJEAS DE CHOCOLATE EN ENVASE;0;SODOMIN;1;30;;;;;
';GRAJEAS DECHOCOLATE;KRAPULCHOC;GRAJEAS DE CHOCOLATE;10 g;SODOMIN;1;60;;;;;
';GRAJEAS DECHOCOLATE;MAGUISITA;CHOCOLATE;24 g;TIGRE;1;20;20;;;;
';GRAJEAS DECHOCOLATE;NEGRITA;CHOCOLATE;18 g;TROPICAL;1;30;25;;;;
';GRAJEAS DECHOCOLATE;PELADITA;CHOCOLATE;20 g;TROPICAL;1;30;25;;;;
';GRAJEAS DECHOCOLATE;TIGRE;CHOCOLATE;12 g;TIGRE;1;30;25;;;;
'7771802001597;INFUCIONES TE MATES;TE CEYLAN;TE NEGRO CON SABOR A CANELA;125 g;HANSA;1;100;;;;;
'7771802001603;INFUCIONES TE MATES;TE CEYLAN;TE NEGRO Y CLAVO DE OLOR;125 g;HANSA;1;100;;;;;
'7773004010049;INFUCIONES TE MATES;TE PARIS;CANELA;25 g;LIDER;1;20;50;;;;
'7773004010315;INFUCIONES TE MATES;TE PARIS;GRANDE CANELA Y CLAVO DE OLOR ;125 g;LIDER;1;100;10;;;;
'7773004010056;INFUCIONES TE MATES;TE PARIS;LIMON;25 g;LIDER;1;20;50;;;;
'7771802000071;INFUCIONES TE MATES;WINDSOR;MATE DECANIS;140 g;ALICORP;1;100;20;;;;
'7771802001078;INFUCIONES TE MATES;WINDSOR;TE CON CANELA;221 g;ALICORP;1;130;20;;;;
'7771802000095;INFUCIONES TE MATES;WINDSOR;MATE DE MANZANILLA;90 g;ALICORP;1;100;20;;;;
'7771802000378;INFUCIONES TE MATES;WINDSOR;MATE DE COCA MANZANILLA TRIMATE ANIS;115 g;ALICORP;1;100;20;;;;
'7771802000101;INFUCIONES TE MATES;WINDSOR;MATE DE TRIMATE;140 g;ALICORP;1;100;20;;;;
'7774904403214;JABON;JABONCILLO CARISSA;ALOE VERA;125 g;;1;;;;;;
'7774904403221;JABON;JABONCILLO CARISSA;AVENA;125 g;;1;;;;;;
'7774904403238;JABON;JABONCILLO CARISSA;FLORAL;125 g;;1;;;;;;
'7775000012232;JABON;JABON LIQUIDO LIZ ANTIBACTERIAL BOTE;GLICERINA HUMECTANTE PARA MANOS Y CUERPO;360 ml;UNILEVER;1;24;;;;;
'7775000014953;JABON;JABON LIQUIDO LIZ ANTIBACTERIAL SACHET;GLICERINA HUMECTANTE PARA MANOS Y CUERPO;900 ml;UNILEVER;1;12;;;;;
'7775000012249;JABON;JABON LIQUIDO LIZ RELAJANTE BOTE;GLICERINA HUMECTANTE PARA MANOS Y CUERPO;360 ml;UNILEVER;1;24;;;;;
'8997220606933;JABON;JABONCILLO ROYAL NOVA;JABON DE TOCADOR GREEN APPLE;75 g;;1;;;;;;
'8997220606940;JABON;JABONCILLO ROYAL NOVA;JABON DE TOCADOR STRAWBERRY;75 g;;1;;;;;;
'7771214004766;JABON;JABON LIQUIDO SHABAY ANTIBACTERIAL PQ;PARA MANOS;370 ml;VENADO;1;24;;;;;
'7771214004971;JABON;JABON LIQUIDO SHABAY HUMECTANTE;PARA MANOS;1000 ml;VENADO;1;12;;;;;
'7771214004773;JABON;JABON LIQUIDO SHABAY HUMECTANTE PQ;PARA MANOS;370 ml;VENADO;1;24;;;;;
'7771214004742;JABON;JABON LIQUIDO SHABAY NIÑOS PQ;PARA MANOS;370 ml;VENADO;1;24;;;;;
'7771214004759;JABON;JABON LIQUIDO SHABAY NUTRITIVO PQ;PARA MANOS;370 ml;VENADO;1;24;;;;;
'7771214004940;JABON;JABON LIQUIDO SHABAY PARA NIÑOS;PARA MANOS;1000 ml;VENADO;1;12;;;;;
';JUGOS;JUGO ADES;DURAZNO CARTON;1 L;COCA COLA;1;6;;;;;
';JUGOS;JUGO ADES;DURAZNO CARTON;200 ml;COCA COLA;1;6;4;;;;
'7771609002926;JUGOS;JUGO ADES;MANZANA CARTON;1 L;COCA COLA;1;6;;;;;
'7771609002919;JUGOS;JUGO ADES;MANZANA CARTON DE 200 MILI LITROS;200 ml;COCA COLA;1;6;4;;;;
'7771609001684;JUGOS;JUGO DEL VALLE;SABOR DURAZNO DE CARTON ESCOLAR;200 ml;COCA COLA;1;6;4;;;;
'7771609001691;JUGOS;JUGO DEL VALLE;SABOR MANZANA DE CARTON ESCOLAR;200 ml;COCA COLA;1;6;4;;;;
'7771609003077;JUGOS;JUGO DEL VALLE;SABOR MANZANA NO RETORNABLE;2 L;COCA COLA;1;6;;;;;
';JUGOS;TAMPICO;SABOR MANGO NO RETORNABLE;2,5 L;DELIZIA;1;6;;;;;
';JUGOS;TAMPICO;SABOR MANGO NO RETORNABLE;2 L;DELIZIA;1;6;;;;;
'7771224002202;JUGOS;TAMPICO;SABOR MANGO NO RETORNABLE;3 L;DELIZIA;1;6;;;;;
';JUGOS;TAMPICO;SABOR NARANAJA NO RETORNABLE;2,5  L;DELIZIA;1;6;;;;;
';JUGOS;TAMPICO;SABOR NARANAJA NO RETORNABLE;2 L;DELIZIA;1;6;;;;;
';JUGOS;TAMPICO;SABOR NARANAJA NO RETORNABLE;3 L;DELIZIA;1;6;;;;;
';JUGOS;TAMPICO;SABOR PLATANO CON PIÑA NO RETORNABLE;2,5 L;DELIZIA;1;6;;;;;
';JUGOS;TAMPICO;SABOR PLATANO CON PIÑA NO RETORNABLE;2 L;DELIZIA;1;6;;;;;
';JUGOS;TAMPICO;SABOR PLATANO CON PIÑA NO RETORNABLE;3 L;DELIZIA;1;6;;;;;
'7779604012193;JUGOS EN SACHETS;LIMONCITO;SABOR LIMON;90 ml;SOALPRO;1;20;;;;;
'7779604012759;JUGOS EN SACHETS;NARANJITO;SABOR NARANJA;90 ml;SOALPRO;1;20;;;;;
';JUGOS EN SACHETS;TORONJITO;SABOR TORONJA;90 ml;SOALPRO;1;20;;;;;
'7771224006507;LACTEOS;YOGURT BOTELLA YOGURT FAMILIAR;COCO;2 L;DELIZIA;1;6;;;;;
'7771224003896;LACTEOS;YOGURT BOTELLA YOGURT FAMILIAR;DURAZNO;2 L;DELIZIA;1;6;;;;;
'7771224006422;LACTEOS;YOGURT BOTELLA YOGURT FAMILIAR;FRUTILLA;2 L;DELIZIA;1;6;;;;;
'7771224003117;LACTEOS;YOGURT BOTELLA YOGURT FAMILIAR;MORA;2 L;DELIZIA;1;6;;;;;
'7771214004612;LAVAVAJILLAS;LAVAVAJILLA BRISTAR;LIMON;1050 ml;VENADO;1;6;;;;;
'7771214004726;LAVAVAJILLAS;LAVAVAJILLA BRISTAR;PQ LIMOCITRON;600 ml;VENADO;1;6;;;;;
'7779970830445;LAVAVAJILLAS;LAVAVAJILLA OLA;LIMON;1050 ml;UNILEVER;1;12;;;;;
'7778870830421;LAVAVAJILLAS;LAVAVAJILLA OLA;PQ LIMON;600 ml;UNILEVER;1;12;;;;;
'7779970830469;LAVAVAJILLAS;LAVAVAJILLA OLA;BIDON LIMON ;5000 ml;UNILEVER;1;;;;;;
';LAVAVAJILLAS;LAVAVAJILLA OLA;SACHET LIMON;1000 ml;UNILEVER;1;12;;;;;
'7774904401739;LAVAVAJILLAS;LAVAVAJILLA TODO BRILLO;LIMON;950 ml;LURI;1;12;;;;;
'8716200458719;LECHE CONDENSADA;LECHE CONDENSADA BELLA HOLANDESA;;397 g;MINIOL;1;;;;;;
'7779604010373;LECHE DE SOYA;LECHE DE SOYA VIDA SANA;SABOR BANANA;1 L;SOALPRO;1;20;;;;;
'7779604010236;LECHE DE SOYA;LECHE DE SOYA VIDA SANA;SABOR CHOCOLATE;1 L;SOALPRO;1;20;;;;;
'7779604010243;LECHE DE SOYA;LECHE DE SOYA VIDA SANA;SABOR FRUTILLA;1 L;SOALPRO;1;20;;;;;
'7779604012216;LECHE DESLACTOSADA;LECHE KREAM;DESLACTOSADA ;800 ml;SOALPRO;1;20;;;;;
';LECHE DESLACTOSADA;LECHE PIL;DESLACTOSADA;800 ml;PIL;1;20;;;;;
'7772905004098;LECHE EN POLVO;LECHE EN POLVO INSTANTANEA PIL;GRANDE;760 g;PIL;1;20;;;;;
'7772905004621;LECHE EN POLVO;LECHE EN POLVO INSTANTANEA PIL;MEDIANA;370 g;PIL;1;;;;;;
'7772905002412;LECHE EN POLVO;LECHE EN POLVO INSTANTANEA PIL;PEQUENIA;120 g;PIL;1;;;;;;
'7771259752530;LECHE EN POLVO;LECHE EN POLVO INSTANTANEA PIL;DOYPACK;2200 g;PIL;1;6;;;;;
'7771259757436;LECHE EN POLVO;LECHE EN POLVO INSTANTANEO BONLE;GRANDE;2000 g;GLORIA;1;6;;;;;
'7501058649126;LECHE EN POLVO;LECHE EN POLVO NIDO CRECIMIENTO;BOLSA;800 g;NESTLE;1;;;;;;
'7506475117302;LECHE EN POLVO;LECHE EN POLVO NIDO CRECIMIENTO;BOLSA DOYPACK;2000 g;NESTLE;1;6;;;;;
';LECHE EN POLVO;LECHE EN POLVO NIDO CRECIMIENTO; LATA;760 g;NESTLE;1;;;;;;
'7779604010199;LECHE ENTERA;LECHE KREAM;ENTERA;946 ml;SOALPRO;1;20;;;;;
'7772905000777;LECHE ENTERA;LECHE PIL;ENTERA NATURAL;946 ml;PIL;1;20;;;;;
'7771259754336;LECHE EVAPORADA;LECHE BONLE;EVAPORADA ;400 g;GLORIA;1;24;;;;;
'7751271776479;LECHE EVAPORADA;LECHE PIL;EVAPORADA;400 g;PIL;1;24;;;;;
'7771259756392;LECHE SABORIZADA;CHICOLAC;LECHE DE CHOCOLATE;120 ml;PIL;1;;;;;;
'7779604013060;LECHE SABORIZADA;KREAM;LECHE CHOCOLATADA;120 ml;SOALPRO;1;22;;;;;
'7779604010366;LECHE SABORIZADA;KREAM;LECHE CON AVENA;120 ml;SOALPRO;1;22;;;;;
'7779604010403;LECHE SABORIZADA;KREAM;FRUTILLA;120 ml;SOALPRO;1;22;;;;;
';LECHE SABORIZADA;VAQUITA;AVENA;120 ml;DELIZIA;1;11;;;;;
'7771224002059;LECHE SABORIZADA;VAQUITA;CHOCOLATE;120 ml;DELIZIA;1;11;;;;;
';LECHE SABORIZADA;VAQUITA;FRUTILLA;120 ml;DELIZIA;1;11;;;;;
';LECHE SABORIZADA;VAQUITA;MORA;120 ml;DELIZIA;1;11;;;;;
';LECHE SABORIZADA;VAQUITA;PLATANO;120 ml;DELIZIA;1;11;;;;;
'7775000006316;LIMPIEZA COCINA;LUSTRAMUEBLES OLA BRILLANTE;PARA MUEBLES;830 ml;UNILEVER;1;12;;;;;
'7775000006217;LIMPIEZA COCINA;LIMPIA HORNOS OLA MAXIMUS;LIMPIA HORNOS;830 ml;UNILEVER;1;12;;;;;
'7775000006170;LIMPIEZA COCINA;LIMPIA VIDRIOS OLA MAXIMUS;LIMPIA VIDRIOS MULTIUSO;900 ml;UNILEVER;1;12;;;;;
'7774904403900;LIMPIEZA COCINA;SACA GRASA TODO BRILLO;ESPUMA ACTIVA;830 ml;LURI;1;12;;;;;
'7772905000029;MANJARES;DULCE DE LECHE;DULCE DE LECHE;250 g;PIL;1;12;;;;;
'7773103000163;MANTEQUILLA;MARGARINA REGIA;CON LECHE;210 g;;1;24;;;;;
'7773103001177;MANTEQUILLA;MARGARINA REGIA;CON LECHE;410 g;;1;24;;;;;
'7773103000194;MANTEQUILLA;MARGARINA REGIA;CON LECHE;820 g;;1;12;;;;;
';MASMELOS;DELI MASMELOS;SABOR A FRUTILLA;25 g;KEY BELS;1;40;;;;;
'6954302976201;MASMELOS;MASMELO FURIOSO DELICIOSO;FRESA MANZANA UVA Y NARANJA;10 g;SODOMIN;1;60;;;;;
'6941654188157;MASMELOS;MARSHMALLOW;FRESA MANZANA UVA Y NARANJA;11 g;SODOMIN;1;60;;;;;
';MASMELOS;MASMELO MEGA JUMBO;SABOR A FRUTILLA;250 g;KEY BELS;1;30;;;;;
';MASMELOS;MASMELO SUPER RICO;SABOR A FRUTILLA;150 g;KEY BELS;1;25;;;;;
';PAÑALES;PAÑAL BABY ÑOÑO; ROSADO SUPER EXTRA EXTRA GRANDE;XXG;SURCO Y SURCO;1;40;6;;;;
'6972329474517;PAÑALES;PAÑAL BABY ÑOÑO;ROSADO MEDIANO ;M;SURCO Y SURCO;1;44;6;;;;
'6972329472087;PAÑALES;PAÑAL BABY ÑOÑO;ROSADO PEQUEÑO ;P;SURCO Y SURCO;1;48;6;;;;
';PAÑALES;PAÑAL BABY ÑOÑO;ROSADO RECIEN NACIDO ;RN;SURCO Y SURCO;1;22;12;;;;
'6972329473367;PAÑALES;PAÑAL BABY ÑOÑO;ROSADO SUPER EXTRA EXTRA EXTRA GRANDE ROSADO;XXXG;SURCO Y SURCO;1;40;6;;;;
';PAÑALES;PAÑAL BABY ÑOÑO;ROSADO SUPER EXTRA GRANDE ;XG;SURCO Y SURCO;1;40;6;;;;
'6972329471226;PAÑALES;PAÑAL BABY ÑOÑO;ROSADO SUPER GRANDE ;G;SURCO Y SURCO;1;40;6;;;;
';PAÑALES;PAÑAL BABY ÑOÑO;VERDE MEDIANO ;M;SURCO Y SURCO;1;44;6;;;;
';PAÑALES;PAÑAL BABY ÑOÑO;VERDE PEQUEÑO ;P;SURCO Y SURCO;1;48;6;;;;
'6972329471196;PAÑALES;PAÑAL BABY ÑOÑO;VERDE SUPER EXTRA EXTRA EXTRA GRANDE ;XG;SURCO Y SURCO;1;40;6;;;;
'6972329471202;PAÑALES;PAÑAL BABY ÑOÑO;VERDE SUPER EXTRA EXTRA EXTRA GRANDE ;XXG;SURCO Y SURCO;1;40;6;;;;
'6972729473350;PAÑALES;PAÑAL BABY ÑOÑO;VERDE SUPER EXTRA EXTRA EXTRA GRANDE ;XXXG;SURCO Y SURCO;1;40;6;;;;
'6921603286032;PAÑALES;PAÑAL BABY ÑOÑO;VERDE SUPER GRANDE ;G;SURCO Y SURCO;1;40;6;;;;
';PAÑALES;PAÑAL BB BONITO;EXTRA EXTRA EXTRA GRANDE;XXXG;;1;;;;;;
';PAÑALES;PAÑAL BB BONITO;EXTRA EXTRA GRANDE;XXG;;1;;;;;;
'6972329472124;PAÑALES;PAÑAL BB BONITO;EXTRA GRANDE;XG;;1;40;;;;;
';PAÑALES;PAÑAL BB BONITO;GRANDE;G;;1;;;;;;
';PAÑALES;PAÑAL BB BONITO;MEDIANO;M;;1;;;;;;
';PAÑALES;PAÑAL BB BONITO;PEQUEÑO;P ;;1;;;;;;
';PAÑALES;PAÑAL BB DE ORO;EXTRA EXTRA EXTRA GRANDE;XXXG;;1;;;;;;
'6931149444131;PAÑALES;PAÑAL BB DE ORO;EXTRA EXTRA GRANDE;XXG;;1;20;;;;;
';PAÑALES;PAÑAL BB DE ORO;EXTRA GRANDE;XG;;1;;;;;;
'6931149444117;PAÑALES;PAÑAL BB DE ORO;GRANDE;G;;1;20;;;;;
';PAÑALES;PAÑAL BB DE ORO;MEDIANO;M;;1;;;;;;
';PAÑALES;PAÑAL BB DE ORO;PEQUEÑO;P ;;1;;;;;;
';PAÑALES;PAÑAL BEBIÑO;EXTRA EXTRA EXTRA GRANDE;XXXG;;1;;;;;;
'6931149446524;PAÑALES;PAÑAL BEBIÑO;EXTRA EXTRA GRANDE;XXG;;1;40;;;;;
';PAÑALES;PAÑAL BEBIÑO;EXTRA GRANDE;XG;;1;;;;;;
';PAÑALES;PAÑAL CARIÑOSITOS;EXTRA EXTRA EXTRA GRANDE;XXXG;;1;;;;;;
';PAÑALES;PAÑAL CARIÑOSITOS;EXTRA EXTRA GRANDE;XXG;;1;;;;;;
';PAÑALES;PAÑAL CARIÑOSITOS;EXTRA GRANDE;XG;;1;;;;;;
';PAÑALES;PAÑAL CARIÑOSITOS;GRANDE;G;;1;;;;;;
';PAÑALES;PAÑAL CARIÑOSITOS;MEDIANO;M;;1;;;;;;
';PAÑALES;PAÑAL CARIÑOSITOS;PEQUEÑO;P ;;1;;;;;;
';PAÑALES;PAÑAL CARIÑOSITOS;RESIEN NACIDOS;RN;;1;;;;;;
'7751493010689;PAÑALES;PAÑAL HUGGIES;EXTRA EXTRA EXTRA GRANDE;XXXG;;1;36;;;;;
';PAÑALES;PAÑAL HUGGIES;EXTRA EXTRA GRANDE;XXG;;1;;;;;;
';PAÑALES;PAÑAL HUGGIES;EXTRA GRANDE;XG;;1;;;;;;
';PAÑALES;PAÑAL HUGGIES;GRANDE;G;;1;;;;;;
'7751493008433;PAÑALES;PAÑAL HUGGIES;MEDIANO;M;;1;56;;;;;
';PAÑALES;PAÑAL HUGGIES;PEQUEÑO;P ;;1;;;;;;
';PAÑALES;PAÑAL HUGGIES;RESIEN NACIDOS;RN;;1;;;;;;
'6972329479536;PAÑITOS;PAÑITO HUMEDO BABY ÑOÑO;BABY WIPES DESECHABLE ;120 u;;1;;;;;;
'6931149488890;PAÑITOS;PAÑITO HUMEDO BABY ÑOÑO;BABY WIPES DESECHABLE ;50 u;;1;;;;;;
'7775022070227;PAÑITOS;PAÑITO HUMEDO CARIÑOSITOS;DESECHABLE;50 u;;1;;;;;;
';PAPEL HIGIENICO;PAPEL HIGIENICO EXCELSIOR;PAPEL DOBLE HOJA;20 r;COPELME;1;20;;;;;
';PAPEL HIGIENICO;PAPEL HIGIENICO NACIONAL;CLASICA PAPEL DOBLE HOJA ;12 r;VINTO;1;12;;;;;
'7776507001149;PAPEL HIGIENICO;PAPEL HIGIENICO NACIONAL;CLASICA X12 PAPEL DOBLE HOJA ;24 r;COPELME;1;12;2;;;;
'7776507001187;PAPEL HIGIENICO;PAPEL HIGIENICO NACIONAL;CLASICA X6 PAPEL DOBLE HOJA ;48 r;COPELME;1;6;8;;;;
';PAPEL HIGIENICO;PAPEL HIGIENICO NACIONAL;PAPEL HIGIENICO MEGA ROOLO 2en1;12 r;COPELME;1;12;;;;;
'7776507001750;PAPEL HIGIENICO;PAPEL HIGIENICO NACIONAL;BALANCE X6 PAPEL HIGIENICO VERDE;48 r;COPELME;1;6;8;;;;
'7776570150270;PAPEL HIGIENICO;PAPEL HIGIENICO PERLITA;ECO 2X10 PAPEL DOBLE HOJA;20 r;VINTO;1;2;10;;;;
'7776570150317;PAPEL HIGIENICO;PAPEL HIGIENICO PERLITA;ECO 4X10 PAPEL DOBLE HOJA;40 r;VINTO;1;4;10;;;;
';PAPEL HIGIENICO;PAPEL HIGIENICO PERLITA;EXTRA 2X10 PAPEL DOBLE HOJA;20 r;VINTO;1;2;10;;;;
';PAPEL HIGIENICO;PAPEL HIGIENICO PERLITA;MEGA X12 PAPEL DOBLE HOJA;12 r;VINTO;1;12;4;;;;
'7776570150478;PAPEL HIGIENICO;PAPEL HIGIENICO PERLITA;MEGA X6 PAPEL DOBLE HOJA;6 r;VINTO;1;6;8;;;;
'7776570150508;PAPEL HIGIENICO;PAPEL HIGIENICO PERLITA;MEGASOFT X12 PAPEL DOBLE HOJA;12 r;VINTO;1;12;4;;;;
';PAPEL HIGIENICO;PAPEL HIGIENICO PERLITA;MEGASOFT X6 PAPEL DOBLE HOJA;6 r;VINTO;1;6;8;;;;
'7776570150577;PAPEL HIGIENICO;PAPEL HIGIENICO PERLITA;PLUS X12 PAPEL DOBLE HOJA;12 r;VINTO;1;12;4;;;;
'7776507001804;PAPEL HIGIENICO;PAPEL HIGIENICO PERLITA;PLUS X6 PAPEL DOBLE HOJA;6 r;VINTO;1;6;8;;;;
';PAPEL HIGIENICO;PAPEL HIGIENICO SUPER;ECONOMICO PAPEL HIGIENICO;20 r;COPELME;1;20;;;;;
';PAPEL HIGIENICO;PAPEL HIGIENICO SUPER;JUNIOR PAPEL HIGIENICO ECOLOGICO;20 r;COPELME;1;20;;;;;
'7805000311346;PASTA DENTAL;PEPSODENT;PASTA DENTAL GRANDE ;130 g;;1;;;;;;
'7896451902894;PASTILLAS MENTOS;MINTY;CEREZA;17 g;SODOMIN;1;40;;;;;
'7896451902863;PASTILLAS MENTOS;MINTY;EXTRA FUERTE;17 g;SODOMIN;1;40;;;;;
'7896451907196;PASTILLAS MENTOS;MINTY;EXTRA FUERTE;29 g;SODOMIN;1;16;;;;;
'7896451908384;PASTILLAS MENTOS;MINTY;FRUTALES;17 g;SODOMIN;1;40;;;;;
'7896451907677;PASTILLAS MENTOS;MINTY;FRUTALES;29 g;SODOMIN;1;16;;;;;
'7896451902887;PASTILLAS MENTOS;MINTY;FRUTILLA;17 g;SODOMIN;1;40;;;;;
'7896451907202;PASTILLAS MENTOS;MINTY;STRAWBERRY;29 g;SODOMIN;1;16;;;;;
';PIPOCAS;ARLEQUIN;FRUTAS; 30 g;PIPO SAL;1;20;5;;;;
';PIPOCAS;BANANAS;BANANA;23 g;LA ESTRELLA;1;20;5;;;;
';PIPOCAS;PIPOCA CLAC;CARAMELIZADO;25 g;PIPO SAL;1;20;5;;;;
';PIPOCAS;COME COME;FRUTAS;30 g;LA ESTRELLA;1;20;5;;;;
';PIPOCAS;ESTRELLITAS ACIDAS FAMILIAR;FRUTAS;180 g;LA ESTRELLA;1;5;;;;;
';PIPOCAS;PI PO CAS;MANTEQUILLA;20 g;LA ESTRELLA;1;20;5;;;;
';PIPOCAS;PI PO CAS;MAIZ CON CHOCOLATE;23 g;LA ESTRELLA;1;20;5;;;;
';PIPOCAS;PI PO CAS;MAIZ CON CHOCOLATE FAMILIAR;90 g;LA ESTRELLA;1;5;;;;;
'7771701002558;PIPOCAS;PI PO CAS;MANTEQUILLA FAMILIAR;190 g;LA ESTRELLA;1;5;;;;;
';PIPOCAS;PIPO SAL;MANTEQUILLA;25 g;PIPO SAL;1;20;5;;;;
';PIPOCAS;PIPO SAL;MANTEQUILLA FAMILIAR;170 g;PIPO SAL;1;5;;;;;
';PIPOCAS;PIPOCA LUCANA;SALADA;16 g;LUCANA;1;50;;;;;
';PIPOCAS;PIPOCA LUCANA;SALADA FAMILIAR;100 g;LUCANA;1;20;;;;;
';PIPOCAS;POP CHOC;CHOCOLATE;25 g;PIPO SAL;1;20;5;;;;
'7771258280072;PIPOCAS;POP PIPOCA;MANTEQUILLA;25 g;FRUTILLITA;1;50;;;;;
'7771258280140;PIPOCAS;POP PIPOCA;MANTEQUILLA FAMILIAR;90 g;FRUTILLITA;1;15;;;;;
';PIPOCAS BANANITO;TROPI BANANOS;BANANA;30 g;PIPO SAL;1;20;5;;;;
';PIPOCAS CHISITO;CHEESE TWIST;PALITOS DE MAIZ SABOR QUESO;30 g;PIPO SAL;1;20;5;;;;
';PIPOCAS CHISITO;CHIZITOS;PEQUEÑO;23 g;LA ESTRELLA;1;20;5;;;;
';PIPOCAS CHISITO;CHIZITOS;FAMILIAR;190 g;LA ESTRELLA;1;5;;;;;
';PIPOCAS CHISITO;CHIZITOS;PEQUEÑO PICANTE;23 g;LA ESTRELLA;1;20;5;;;;
';PIPOCAS CHISITO;TRON CHEESE;QUESO;30 g;EVERFOOD SNACKS;1;10;10;;;;
';PIPOCAS CHISITO;TRON CHEESE;QUESO FAMILIAR;160 g;EVERFOOD SNACKS;1;15;;;;;
'7750885021128;QUEQUES;CHOCMAN;RELLENA DE MANJAR Y COBERTURA DE CHOCOLATE;28 g;PROESA;1;60;;;;;
'7771214002564;SALSAS;KETCHUP KRIS;SACHET MEDIANO;200 g;VENADO;1;24;;;;;
'7771214001383;SALSAS;KETCHUP KRIS;SACHET PEQUEÑO;47 g;VENADO;1;25;;;;;
'7771214002571;SALSAS;MAYONESA KRIS;SACHET MEDIANO;225 g;VENADO;1;24;;;;;
'7771214001109;SALSAS;MAYONESA KRIS;SACHET PEQUEÑO;47 g;VENADO;1;25;;;;;
'7771214005244;SALSAS;MAYONESA KRIS;PICANTE SACHET PEQUEÑO;47 g;VENADO;1;25;;;;;
'7771214002588;SALSAS;MOSTAZA KRIS SACHET MEDIANO;SACHET MEDIANO;200 g;VENADO;1;24;;;;;
'7771214001390;SALSAS;MOSTAZA KRIS SACHET PEQUEÑO;SACHET PEQUEÑO;47 g;VENADO;1;25;;;;;
'7770016810025;SALSAS;SALSA SOYA CHAWEI;MEDIANA;500 g;;1;24;;;;;
'7770016810032;SALSAS;SALSA SOYA CHAWEI; PEQUEÑA;250 ml;;1;;;;;;
';SHAMPOO;SHAMPOO BALLERINA;ALOE VERA;750 ml;PROESA;1;12;;;;;
';SHAMPOO;SHAMPOO BALLERINA;BEBE;750 ml;PROESA;1;12;;;;;
'7804920003201;SHAMPOO;SHAMPOO BALLERINA;GRANADA;750 ml;PROESA;1;12;;;;;
';SHAMPOO;SHAMPOO BALLERINA;MANZANILLA;750 ml;PROESA;1;12;;;;;
'7804920003225;SHAMPOO;SHAMPOO BALLERINA;PALTA;750 ml;PROESA;1;12;;;;;
'7774904380294;SHAMPOO;SHAMPOO CARISSA; ANTICAIDA;800 ml;LURI;1;12;;;;;
'7774904380010;SHAMPOO;SHAMPOO CARISSA;ALOE VERA;125 g;LURI;1;12;;;;;
'7779970677996;SHAMPOO;SHAMPOO SEDAL AZUL BOLSA TAPA;ZERO CASPA;850 ml;UNILEVER;1;12;;;;;
'7506306222021;SHAMPOO;SHAMPOO SEDAL BOTELLA;CONTROL CASPA ALOE VERA;650 ml;UNILEVER;1;12;;;;;
';SNACKS;BACON;FAMILIAR;185 g;EVERFOOD SNACKS;1;15;;;;;
';SNACKS;BACON;FAMILIAR PICANTE;185 g;EVERFOOD SNACKS;1;15;;;;;
';SNACKS;BACON;TIRA;24 g ;EVERFOOD SNACKS;1;10;10;;;;
';SNACKS;BACON;TIRA PICANTE;24 g ;EVERFOOD SNACKS;1;10;10;;;;
';SNACKS CHICHARRON;MIX SNACKS CROCANTES;PALITOS FRITOS DE HARINA DE TRIGO;20 g;FRUTILLITA;1;10;10;;;;
';SNACKS CHICHARRON;MIX SNACKS CROCANTES FAMILIAR;PALITOS FRITOS DE HARINA DE TRIGO;200 g;FRUTILLITA;1;10;;;;;
';SNACKS CHICHARRON;RICORRONES;LONJITAS DE PIEL DE CERDO;15 g;EVERFOOD SNACKS;1;10;10;;;;
';SNACKS NACHOS;KE PADRE;NACHOS;35 g;EVERFOOD SNACKS;1;10;10;;;;
'7770016890065;SNACKS NACHOS;NACHOS DE MAIZ;CON PICANTE;35 g;ORGANICA DEL SUR;1;50;;;;;
'7770016890072;SNACKS NACHOS;NACHOS DE MAIZ;SIN PICANTE;35 g;ORGANICA DEL SUR;1;50;;;;;
'7770016892007;SNACKS PAPAS;BOLIVAR;CLASICO;20 g;ORGANICA DEL SUR;1;12;4;;;;
'7770016892021;SNACKS PAPAS;BOLIVAR;CLASICO FAMILIAR;200 g;ORGANICA DEL SUR;1;30;;;;;
'7758574005558;SNACKS PAPAS;LAYS;CLASICO;170 g;CRUCIMEX;1;20;;;;;
'7770016892199;SNACKS PAPAS;PAPAS GOURMET;CHURRASCO;26 g;ORGANICA DEL SUR;1;10;3;;;;
';SNACKS PAPAS;PAPAS GOURMET;HAMBURGUESA;26 g;ORGANICA DEL SUR;1;10;3;;;;
'7770016892670;SNACKS PAPAS;SABROSITAS SNACKS;CON PICANTE;20 g;ORGANICA DEL SUR;1;50;;;;;
'7770016891901;SNACKS PAPAS;SABROSITAS SNACKS;SIN PICANTE;20 g;ORGANICA DEL SUR;1;50;;;;;
'7770016892700;SNACKS PAPAS;SABROSITAS SNACKS FAMILIAR;CON PICANTE;200 g;ORGANICA DEL SUR;1;30;;;;;
'7770016892441;SNACKS PAPAS;SABROSITAS SNACKS FAMILIAR;SIN PICANTE;200 g;ORGANICA DEL SUR;1;30;;;;;
';TOALLA HIGIENICA;KOTEX;NORMAL EXTREMA PROTECCION;;;1;6;8;;;;
'7702027041622;TOALLA HIGIENICA;NOSOTRAS;INVISBLE CLASICA;;;1;24;;;;;
'7702027416330;TOALLA HIGIENICA;NOSOTRAS;INVISBLE RAPIGEL;;;1;24;;;;;
'7702026180812;TOALLA HIGIENICA;NOSOTRAS;PROTECCION ANTIBACTERIAL;;;1;24;;;;;
'7771224009812;YOGURTS;YOGURT CHIQUI DRINK;FRUTILLA;100 ml;DELIZIA;1;11;;;;;
'7779604010847;YOGURTS;YOGURT BOTELLA KREAM;BERRIES;2 L;SOALPRO;1;6;;;;;
'7779604010434;YOGURTS;YOGURT BOTELLA KREAM;CHIRIMOYA;2 L;SOALPRO;1;6;;;;;
'7779604010441;YOGURTS;YOGURT BOTELLA KREAM;COCO;2 L;SOALPRO;1;6;;;;;
'7779604010427;YOGURTS;YOGURT BOTELLA KREAM;DURAZNO;2 L;SOALPRO;1;6;;;;;
'7779604010410;YOGURTS;YOGURT BOTELLA KREAM;FRUTILLA;2 L;SOALPRO;1;6;;;;;
'7779604012681;YOGURTS;YOGU STARS;CHICLE;60 ml;SOALPRO;1;20;;;;;
';YOGURTS;YOGU STARS;CHIRIMOYA;60 ml;SOALPRO;1;20;;;;;
'7779604012667;YOGURTS;YOGU STARS;FRUTILLA;60 ml;SOALPRO;1;20;;;;;
'7779604012889;YOGURTS;YOGU STARS;PINIA;60 ml;SOALPRO;1;20;;;;;
'7779604012674;YOGURTS;YOGU STARS;UVA Y MORA;60 ml;SOALPRO;1;20;;;;;
';YOGURTS;YOGURELLO ESCOLAR;BLUEBERRY;95 ml;PIL;1;;;;;;
';YOGURTS;YOGURELLO ESCOLAR;CHICLE;95 ml;PIL;1;;;;;;
'7771259755722;YOGURTS;YOGURELLO ESCOLAR;FRUTILLA;95 ml;PIL;1;;;;;;
';YOGURTS;YOGURT BATIDO FRUTADO;EN VASO;90 g;PIL;1;;;;;;
